/*
Navicat MySQL Data Transfer

Source Server         : sunkaisens
Source Server Version : 50140
Source Host           : localhost:3306
Source Database       : web_base_backend

Target Server Type    : MYSQL
Target Server Version : 50140
File Encoding         : 65001

Date: 2019-07-26 09:54:47
*/

SET FOREIGN_KEY_CHECKS=0;

-- ----------------------------
-- Table structure for qrtz_blob_triggers
-- ----------------------------
DROP TABLE IF EXISTS `qrtz_blob_triggers`;
CREATE TABLE `qrtz_blob_triggers` (
  `SCHED_NAME` varchar(120) NOT NULL,
  `TRIGGER_NAME` varchar(200) NOT NULL,
  `TRIGGER_GROUP` varchar(200) NOT NULL,
  `BLOB_DATA` blob,
  PRIMARY KEY (`SCHED_NAME`,`TRIGGER_NAME`,`TRIGGER_GROUP`),
  CONSTRAINT `qrtz_blob_triggers_ibfk_1` FOREIGN KEY (`SCHED_NAME`, `TRIGGER_NAME`, `TRIGGER_GROUP`) REFERENCES `qrtz_triggers` (`SCHED_NAME`, `TRIGGER_NAME`, `TRIGGER_GROUP`)
) ENGINE=InnoDB DEFAULT CHARSET=utf8;

-- ----------------------------
-- Records of qrtz_blob_triggers
-- ----------------------------

-- ----------------------------
-- Table structure for qrtz_calendars
-- ----------------------------
DROP TABLE IF EXISTS `qrtz_calendars`;
CREATE TABLE `qrtz_calendars` (
  `SCHED_NAME` varchar(120) NOT NULL,
  `CALENDAR_NAME` varchar(200) NOT NULL,
  `CALENDAR` blob NOT NULL,
  PRIMARY KEY (`SCHED_NAME`,`CALENDAR_NAME`)
) ENGINE=InnoDB DEFAULT CHARSET=utf8;

-- ----------------------------
-- Records of qrtz_calendars
-- ----------------------------

-- ----------------------------
-- Table structure for qrtz_cron_triggers
-- ----------------------------
DROP TABLE IF EXISTS `qrtz_cron_triggers`;
CREATE TABLE `qrtz_cron_triggers` (
  `SCHED_NAME` varchar(120) NOT NULL,
  `TRIGGER_NAME` varchar(200) NOT NULL,
  `TRIGGER_GROUP` varchar(200) NOT NULL,
  `CRON_EXPRESSION` varchar(200) NOT NULL,
  `TIME_ZONE_ID` varchar(80) DEFAULT NULL,
  PRIMARY KEY (`SCHED_NAME`,`TRIGGER_NAME`,`TRIGGER_GROUP`),
  CONSTRAINT `qrtz_cron_triggers_ibfk_1` FOREIGN KEY (`SCHED_NAME`, `TRIGGER_NAME`, `TRIGGER_GROUP`) REFERENCES `qrtz_triggers` (`SCHED_NAME`, `TRIGGER_NAME`, `TRIGGER_GROUP`)
) ENGINE=InnoDB DEFAULT CHARSET=utf8;

-- ----------------------------
-- Records of qrtz_cron_triggers
-- ----------------------------
INSERT INTO `qrtz_cron_triggers` VALUES ('MyScheduler', 'TASK_1', 'DEFAULT', '0/1 * * * * ?1', 'Asia/Shanghai');
INSERT INTO `qrtz_cron_triggers` VALUES ('MyScheduler', 'TASK_11', 'DEFAULT', '0/5 * * * * ?', 'Asia/Shanghai');
INSERT INTO `qrtz_cron_triggers` VALUES ('MyScheduler', 'TASK_12', 'DEFAULT', '1-2 * * * * ? ', 'Asia/Shanghai');
INSERT INTO `qrtz_cron_triggers` VALUES ('MyScheduler', 'TASK_2', 'DEFAULT', '0/10 * * * * ?', 'Asia/Shanghai');
INSERT INTO `qrtz_cron_triggers` VALUES ('MyScheduler', 'TASK_3', 'DEFAULT', '0/1 * * * * ?', 'Asia/Shanghai');

-- ----------------------------
-- Table structure for qrtz_fired_triggers
-- ----------------------------
DROP TABLE IF EXISTS `qrtz_fired_triggers`;
CREATE TABLE `qrtz_fired_triggers` (
  `SCHED_NAME` varchar(120) NOT NULL,
  `ENTRY_ID` varchar(95) NOT NULL,
  `TRIGGER_NAME` varchar(200) NOT NULL,
  `TRIGGER_GROUP` varchar(200) NOT NULL,
  `INSTANCE_NAME` varchar(200) NOT NULL,
  `FIRED_TIME` bigint(13) NOT NULL,
  `SCHED_TIME` bigint(13) NOT NULL,
  `PRIORITY` int(11) NOT NULL,
  `STATE` varchar(16) NOT NULL,
  `JOB_NAME` varchar(200) DEFAULT NULL,
  `JOB_GROUP` varchar(200) DEFAULT NULL,
  `IS_NONCONCURRENT` varchar(1) DEFAULT NULL,
  `REQUESTS_RECOVERY` varchar(1) DEFAULT NULL,
  PRIMARY KEY (`SCHED_NAME`,`ENTRY_ID`)
) ENGINE=InnoDB DEFAULT CHARSET=utf8;

-- ----------------------------
-- Records of qrtz_fired_triggers
-- ----------------------------

-- ----------------------------
-- Table structure for qrtz_job_details
-- ----------------------------
DROP TABLE IF EXISTS `qrtz_job_details`;
CREATE TABLE `qrtz_job_details` (
  `SCHED_NAME` varchar(120) NOT NULL,
  `JOB_NAME` varchar(200) NOT NULL,
  `JOB_GROUP` varchar(200) NOT NULL,
  `DESCRIPTION` varchar(250) DEFAULT NULL,
  `JOB_CLASS_NAME` varchar(250) NOT NULL,
  `IS_DURABLE` varchar(1) NOT NULL,
  `IS_NONCONCURRENT` varchar(1) NOT NULL,
  `IS_UPDATE_DATA` varchar(1) NOT NULL,
  `REQUESTS_RECOVERY` varchar(1) NOT NULL,
  `JOB_DATA` blob,
  PRIMARY KEY (`SCHED_NAME`,`JOB_NAME`,`JOB_GROUP`)
) ENGINE=InnoDB DEFAULT CHARSET=utf8;

-- ----------------------------
-- Records of qrtz_job_details
-- ----------------------------
INSERT INTO `qrtz_job_details` VALUES ('MyScheduler', 'TASK_1', 'DEFAULT', null, 'com.sunkaisens.ibss.job.util.ScheduleJob', '0', '0', '0', '0', 0xACED0005737200156F72672E71756172747A2E4A6F62446174614D61709FB083E8BFA9B0CB020000787200266F72672E71756172747A2E7574696C732E537472696E674B65794469727479466C61674D61708208E8C3FBC55D280200015A0013616C6C6F77735472616E7369656E74446174617872001D6F72672E71756172747A2E7574696C732E4469727479466C61674D617013E62EAD28760ACE0200025A000564697274794C00036D617074000F4C6A6176612F7574696C2F4D61703B787001737200116A6176612E7574696C2E486173684D61700507DAC1C31660D103000246000A6C6F6164466163746F724900097468726573686F6C6478703F4000000000000C7708000000100000000174000D4A4F425F504152414D5F4B45597372001D63632E6D72626972642E666562732E6A6F622E646F6D61696E2E4A6F62058D52AC1093A3040200084C00086265616E4E616D657400124C6A6176612F6C616E672F537472696E673B4C000A63726561746554696D657400104C6A6176612F7574696C2F446174653B4C000E63726F6E45787072657373696F6E71007E00094C00056A6F6249647400104C6A6176612F6C616E672F4C6F6E673B4C000A6D6574686F644E616D6571007E00094C0006706172616D7371007E00094C000672656D61726B71007E00094C000673746174757371007E00097870740008746573745461736B7372000E6A6176612E7574696C2E44617465686A81014B5974190300007870770800000161C8A2E4707874000E302F31202A202A202A202A203F317372000E6A6176612E6C616E672E4C6F6E673B8BE490CC8F23DF0200014A000576616C7565787200106A6176612E6C616E672E4E756D62657286AC951D0B94E08B02000078700000000000000001740004746573747400066D7262697264740018E69C89E58F82E4BBBBE58AA1E8B083E5BAA6E6B58BE8AF95740001317800);
INSERT INTO `qrtz_job_details` VALUES ('MyScheduler', 'TASK_11', 'DEFAULT', null, 'com.sunkaisens.ibss.job.util.ScheduleJob', '0', '0', '0', '0', 0xACED0005737200156F72672E71756172747A2E4A6F62446174614D61709FB083E8BFA9B0CB020000787200266F72672E71756172747A2E7574696C732E537472696E674B65794469727479466C61674D61708208E8C3FBC55D280200015A0013616C6C6F77735472616E7369656E74446174617872001D6F72672E71756172747A2E7574696C732E4469727479466C61674D617013E62EAD28760ACE0200025A000564697274794C00036D617074000F4C6A6176612F7574696C2F4D61703B787001737200116A6176612E7574696C2E486173684D61700507DAC1C31660D103000246000A6C6F6164466163746F724900097468726573686F6C6478703F4000000000000C7708000000100000000174000D4A4F425F504152414D5F4B45597372001D63632E6D72626972642E666562732E6A6F622E646F6D61696E2E4A6F62058D52AC1093A3040200084C00086265616E4E616D657400124C6A6176612F6C616E672F537472696E673B4C000A63726561746554696D657400104C6A6176612F7574696C2F446174653B4C000E63726F6E45787072657373696F6E71007E00094C00056A6F6249647400104C6A6176612F6C616E672F4C6F6E673B4C000A6D6574686F644E616D6571007E00094C0006706172616D7371007E00094C000672656D61726B71007E00094C000673746174757371007E00097870740008746573745461736B7372000E6A6176612E7574696C2E44617465686A81014B5974190300007870770800000161D1D320507874000D302F35202A202A202A202A203F7372000E6A6176612E6C616E672E4C6F6E673B8BE490CC8F23DF0200014A000576616C7565787200106A6176612E6C616E672E4E756D62657286AC951D0B94E08B0200007870000000000000000B74000574657374327074000CE6B58BE8AF95E5BC82E5B8B8740001317800);
INSERT INTO `qrtz_job_details` VALUES ('MyScheduler', 'TASK_12', 'DEFAULT', null, 'com.sunkaisens.ibss.job.util.ScheduleJob', '0', '0', '0', '0', 0xACED0005737200156F72672E71756172747A2E4A6F62446174614D61709FB083E8BFA9B0CB020000787200266F72672E71756172747A2E7574696C732E537472696E674B65794469727479466C61674D61708208E8C3FBC55D280200015A0013616C6C6F77735472616E7369656E74446174617872001D6F72672E71756172747A2E7574696C732E4469727479466C61674D617013E62EAD28760ACE0200025A000564697274794C00036D617074000F4C6A6176612F7574696C2F4D61703B787001737200116A6176612E7574696C2E486173684D61700507DAC1C31660D103000246000A6C6F6164466163746F724900097468726573686F6C6478703F4000000000000C7708000000100000000174000D4A4F425F504152414D5F4B455973720022636F6D2E73756E6B616973656E732E696273732E6A6F622E646F6D61696E2E4A6F62058D52AC1093A3040200084C00086265616E4E616D657400124C6A6176612F6C616E672F537472696E673B4C000A63726561746554696D657400104C6A6176612F7574696C2F446174653B4C000E63726F6E45787072657373696F6E71007E00094C00056A6F6249647400104C6A6176612F6C616E672F4C6F6E673B4C000A6D6574686F644E616D6571007E00094C0006706172616D7371007E00094C000672656D61726B71007E00094C000673746174757371007E0009787074000273737372000E6A6176612E7574696C2E44617465686A81014B597419030000787077080000016BACABF7AA7874000E312D32202A202A202A202A203F207372000E6A6176612E6C616E672E4C6F6E673B8BE490CC8F23DF0200014A000576616C7565787200106A6176612E6C616E672E4E756D62657286AC951D0B94E08B0200007870000000000000000C740005646446656E740008537472696E67207374000464646464740001317800);
INSERT INTO `qrtz_job_details` VALUES ('MyScheduler', 'TASK_2', 'DEFAULT', null, 'com.sunkaisens.ibss.job.util.ScheduleJob', '0', '0', '0', '0', 0xACED0005737200156F72672E71756172747A2E4A6F62446174614D61709FB083E8BFA9B0CB020000787200266F72672E71756172747A2E7574696C732E537472696E674B65794469727479466C61674D61708208E8C3FBC55D280200015A0013616C6C6F77735472616E7369656E74446174617872001D6F72672E71756172747A2E7574696C732E4469727479466C61674D617013E62EAD28760ACE0200025A000564697274794C00036D617074000F4C6A6176612F7574696C2F4D61703B787001737200116A6176612E7574696C2E486173684D61700507DAC1C31660D103000246000A6C6F6164466163746F724900097468726573686F6C6478703F4000000000000C7708000000100000000174000D4A4F425F504152414D5F4B45597372001D63632E6D72626972642E666562732E6A6F622E646F6D61696E2E4A6F62058D52AC1093A3040200084C00086265616E4E616D657400124C6A6176612F6C616E672F537472696E673B4C000A63726561746554696D657400104C6A6176612F7574696C2F446174653B4C000E63726F6E45787072657373696F6E71007E00094C00056A6F6249647400104C6A6176612F6C616E672F4C6F6E673B4C000A6D6574686F644E616D6571007E00094C0006706172616D7371007E00094C000672656D61726B71007E00094C000673746174757371007E00097870740008746573745461736B7372000E6A6176612E7574696C2E44617465686A81014B5974190300007870770800000161C8C7A6987874000E302F3130202A202A202A202A203F7372000E6A6176612E6C616E672E4C6F6E673B8BE490CC8F23DF0200014A000576616C7565787200106A6176612E6C616E672E4E756D62657286AC951D0B94E08B02000078700000000000000002740005746573743170740018E697A0E58F82E4BBBBE58AA1E8B083E5BAA6E6B58BE8AF95740001317800);
INSERT INTO `qrtz_job_details` VALUES ('MyScheduler', 'TASK_3', 'DEFAULT', null, 'com.sunkaisens.ibss.job.util.ScheduleJob', '0', '0', '0', '0', 0xACED0005737200156F72672E71756172747A2E4A6F62446174614D61709FB083E8BFA9B0CB020000787200266F72672E71756172747A2E7574696C732E537472696E674B65794469727479466C61674D61708208E8C3FBC55D280200015A0013616C6C6F77735472616E7369656E74446174617872001D6F72672E71756172747A2E7574696C732E4469727479466C61674D617013E62EAD28760ACE0200025A000564697274794C00036D617074000F4C6A6176612F7574696C2F4D61703B787001737200116A6176612E7574696C2E486173684D61700507DAC1C31660D103000246000A6C6F6164466163746F724900097468726573686F6C6478703F4000000000000C7708000000100000000174000D4A4F425F504152414D5F4B45597372001D63632E6D72626972642E666562732E6A6F622E646F6D61696E2E4A6F62058D52AC1093A3040200084C00086265616E4E616D657400124C6A6176612F6C616E672F537472696E673B4C000A63726561746554696D657400104C6A6176612F7574696C2F446174653B4C000E63726F6E45787072657373696F6E71007E00094C00056A6F6249647400104C6A6176612F6C616E672F4C6F6E673B4C000A6D6574686F644E616D6571007E00094C0006706172616D7371007E00094C000672656D61726B71007E00094C000673746174757371007E00097870740008746573745461736B7372000E6A6176612E7574696C2E44617465686A81014B5974190300007870770800000161D1711A907874000D302F31202A202A202A202A203F7372000E6A6176612E6C616E672E4C6F6E673B8BE490CC8F23DF0200014A000576616C7565787200106A6176612E6C616E672E4E756D62657286AC951D0B94E08B020000787000000000000000037400047465737474000B68656C6C6F20776F726C6474002BE69C89E58F82E4BBBBE58AA1E8B083E5BAA6E6B58BE8AF952CE6AF8FE99A94E4B880E7A792E8A7A6E58F91740001317800);

-- ----------------------------
-- Table structure for qrtz_locks
-- ----------------------------
DROP TABLE IF EXISTS `qrtz_locks`;
CREATE TABLE `qrtz_locks` (
  `SCHED_NAME` varchar(120) NOT NULL,
  `LOCK_NAME` varchar(40) NOT NULL,
  PRIMARY KEY (`SCHED_NAME`,`LOCK_NAME`)
) ENGINE=InnoDB DEFAULT CHARSET=utf8;

-- ----------------------------
-- Records of qrtz_locks
-- ----------------------------
INSERT INTO `qrtz_locks` VALUES ('MyScheduler', 'STATE_ACCESS');
INSERT INTO `qrtz_locks` VALUES ('MyScheduler', 'TRIGGER_ACCESS');

-- ----------------------------
-- Table structure for qrtz_paused_trigger_grps
-- ----------------------------
DROP TABLE IF EXISTS `qrtz_paused_trigger_grps`;
CREATE TABLE `qrtz_paused_trigger_grps` (
  `SCHED_NAME` varchar(120) NOT NULL,
  `TRIGGER_GROUP` varchar(200) NOT NULL,
  PRIMARY KEY (`SCHED_NAME`,`TRIGGER_GROUP`)
) ENGINE=InnoDB DEFAULT CHARSET=utf8;

-- ----------------------------
-- Records of qrtz_paused_trigger_grps
-- ----------------------------

-- ----------------------------
-- Table structure for qrtz_scheduler_state
-- ----------------------------
DROP TABLE IF EXISTS `qrtz_scheduler_state`;
CREATE TABLE `qrtz_scheduler_state` (
  `SCHED_NAME` varchar(120) NOT NULL,
  `INSTANCE_NAME` varchar(200) NOT NULL,
  `LAST_CHECKIN_TIME` bigint(13) NOT NULL,
  `CHECKIN_INTERVAL` bigint(13) NOT NULL,
  PRIMARY KEY (`SCHED_NAME`,`INSTANCE_NAME`)
) ENGINE=InnoDB DEFAULT CHARSET=utf8;

-- ----------------------------
-- Records of qrtz_scheduler_state
-- ----------------------------
INSERT INTO `qrtz_scheduler_state` VALUES ('MyScheduler', 'xushenghao1564105584803', '1564106083523', '15000');

-- ----------------------------
-- Table structure for qrtz_simple_triggers
-- ----------------------------
DROP TABLE IF EXISTS `qrtz_simple_triggers`;
CREATE TABLE `qrtz_simple_triggers` (
  `SCHED_NAME` varchar(120) NOT NULL,
  `TRIGGER_NAME` varchar(200) NOT NULL,
  `TRIGGER_GROUP` varchar(200) NOT NULL,
  `REPEAT_COUNT` bigint(7) NOT NULL,
  `REPEAT_INTERVAL` bigint(12) NOT NULL,
  `TIMES_TRIGGERED` bigint(10) NOT NULL,
  PRIMARY KEY (`SCHED_NAME`,`TRIGGER_NAME`,`TRIGGER_GROUP`),
  CONSTRAINT `qrtz_simple_triggers_ibfk_1` FOREIGN KEY (`SCHED_NAME`, `TRIGGER_NAME`, `TRIGGER_GROUP`) REFERENCES `qrtz_triggers` (`SCHED_NAME`, `TRIGGER_NAME`, `TRIGGER_GROUP`)
) ENGINE=InnoDB DEFAULT CHARSET=utf8;

-- ----------------------------
-- Records of qrtz_simple_triggers
-- ----------------------------

-- ----------------------------
-- Table structure for qrtz_simprop_triggers
-- ----------------------------
DROP TABLE IF EXISTS `qrtz_simprop_triggers`;
CREATE TABLE `qrtz_simprop_triggers` (
  `SCHED_NAME` varchar(120) NOT NULL,
  `TRIGGER_NAME` varchar(200) NOT NULL,
  `TRIGGER_GROUP` varchar(200) NOT NULL,
  `STR_PROP_1` varchar(512) DEFAULT NULL,
  `STR_PROP_2` varchar(512) DEFAULT NULL,
  `STR_PROP_3` varchar(512) DEFAULT NULL,
  `INT_PROP_1` int(11) DEFAULT NULL,
  `INT_PROP_2` int(11) DEFAULT NULL,
  `LONG_PROP_1` bigint(20) DEFAULT NULL,
  `LONG_PROP_2` bigint(20) DEFAULT NULL,
  `DEC_PROP_1` decimal(13,4) DEFAULT NULL,
  `DEC_PROP_2` decimal(13,4) DEFAULT NULL,
  `BOOL_PROP_1` varchar(1) DEFAULT NULL,
  `BOOL_PROP_2` varchar(1) DEFAULT NULL,
  PRIMARY KEY (`SCHED_NAME`,`TRIGGER_NAME`,`TRIGGER_GROUP`),
  CONSTRAINT `qrtz_simprop_triggers_ibfk_1` FOREIGN KEY (`SCHED_NAME`, `TRIGGER_NAME`, `TRIGGER_GROUP`) REFERENCES `qrtz_triggers` (`SCHED_NAME`, `TRIGGER_NAME`, `TRIGGER_GROUP`)
) ENGINE=InnoDB DEFAULT CHARSET=utf8;

-- ----------------------------
-- Records of qrtz_simprop_triggers
-- ----------------------------

-- ----------------------------
-- Table structure for qrtz_triggers
-- ----------------------------
DROP TABLE IF EXISTS `qrtz_triggers`;
CREATE TABLE `qrtz_triggers` (
  `SCHED_NAME` varchar(120) NOT NULL,
  `TRIGGER_NAME` varchar(200) NOT NULL,
  `TRIGGER_GROUP` varchar(200) NOT NULL,
  `JOB_NAME` varchar(200) NOT NULL,
  `JOB_GROUP` varchar(200) NOT NULL,
  `DESCRIPTION` varchar(250) DEFAULT NULL,
  `NEXT_FIRE_TIME` bigint(13) DEFAULT NULL,
  `PREV_FIRE_TIME` bigint(13) DEFAULT NULL,
  `PRIORITY` int(11) DEFAULT NULL,
  `TRIGGER_STATE` varchar(16) NOT NULL,
  `TRIGGER_TYPE` varchar(8) NOT NULL,
  `START_TIME` bigint(13) NOT NULL,
  `END_TIME` bigint(13) DEFAULT NULL,
  `CALENDAR_NAME` varchar(200) DEFAULT NULL,
  `MISFIRE_INSTR` smallint(2) DEFAULT NULL,
  `JOB_DATA` blob,
  PRIMARY KEY (`SCHED_NAME`,`TRIGGER_NAME`,`TRIGGER_GROUP`),
  KEY `SCHED_NAME` (`SCHED_NAME`,`JOB_NAME`,`JOB_GROUP`),
  CONSTRAINT `qrtz_triggers_ibfk_1` FOREIGN KEY (`SCHED_NAME`, `JOB_NAME`, `JOB_GROUP`) REFERENCES `qrtz_job_details` (`SCHED_NAME`, `JOB_NAME`, `JOB_GROUP`)
) ENGINE=InnoDB DEFAULT CHARSET=utf8;

-- ----------------------------
-- Records of qrtz_triggers
-- ----------------------------
INSERT INTO `qrtz_triggers` VALUES ('MyScheduler', 'TASK_1', 'DEFAULT', 'TASK_1', 'DEFAULT', null, '1554183918000', '-1', '5', 'PAUSED', 'CRON', '1554183918000', '0', null, '2', 0xACED0005737200156F72672E71756172747A2E4A6F62446174614D61709FB083E8BFA9B0CB020000787200266F72672E71756172747A2E7574696C732E537472696E674B65794469727479466C61674D61708208E8C3FBC55D280200015A0013616C6C6F77735472616E7369656E74446174617872001D6F72672E71756172747A2E7574696C732E4469727479466C61674D617013E62EAD28760ACE0200025A000564697274794C00036D617074000F4C6A6176612F7574696C2F4D61703B787001737200116A6176612E7574696C2E486173684D61700507DAC1C31660D103000246000A6C6F6164466163746F724900097468726573686F6C6478703F4000000000000C7708000000100000000174000D4A4F425F504152414D5F4B45597372001D63632E6D72626972642E666562732E6A6F622E646F6D61696E2E4A6F62058D52AC1093A3040200084C00086265616E4E616D657400124C6A6176612F6C616E672F537472696E673B4C000A63726561746554696D657400104C6A6176612F7574696C2F446174653B4C000E63726F6E45787072657373696F6E71007E00094C00056A6F6249647400104C6A6176612F6C616E672F4C6F6E673B4C000A6D6574686F644E616D6571007E00094C0006706172616D7371007E00094C000672656D61726B71007E00094C000673746174757371007E00097870740008746573745461736B7372000E6A6176612E7574696C2E44617465686A81014B5974190300007870770800000161C8A2E4707874000E302F31202A202A202A202A203F317372000E6A6176612E6C616E672E4C6F6E673B8BE490CC8F23DF0200014A000576616C7565787200106A6176612E6C616E672E4E756D62657286AC951D0B94E08B02000078700000000000000001740004746573747400066D7262697264740018E69C89E58F82E4BBBBE58AA1E8B083E5BAA6E6B58BE8AF95740001317800);
INSERT INTO `qrtz_triggers` VALUES ('MyScheduler', 'TASK_11', 'DEFAULT', 'TASK_11', 'DEFAULT', null, '1554183920000', '-1', '5', 'PAUSED', 'CRON', '1554183919000', '0', null, '2', 0xACED0005737200156F72672E71756172747A2E4A6F62446174614D61709FB083E8BFA9B0CB020000787200266F72672E71756172747A2E7574696C732E537472696E674B65794469727479466C61674D61708208E8C3FBC55D280200015A0013616C6C6F77735472616E7369656E74446174617872001D6F72672E71756172747A2E7574696C732E4469727479466C61674D617013E62EAD28760ACE0200025A000564697274794C00036D617074000F4C6A6176612F7574696C2F4D61703B787001737200116A6176612E7574696C2E486173684D61700507DAC1C31660D103000246000A6C6F6164466163746F724900097468726573686F6C6478703F4000000000000C7708000000100000000174000D4A4F425F504152414D5F4B45597372001D63632E6D72626972642E666562732E6A6F622E646F6D61696E2E4A6F62058D52AC1093A3040200084C00086265616E4E616D657400124C6A6176612F6C616E672F537472696E673B4C000A63726561746554696D657400104C6A6176612F7574696C2F446174653B4C000E63726F6E45787072657373696F6E71007E00094C00056A6F6249647400104C6A6176612F6C616E672F4C6F6E673B4C000A6D6574686F644E616D6571007E00094C0006706172616D7371007E00094C000672656D61726B71007E00094C000673746174757371007E00097870740008746573745461736B7372000E6A6176612E7574696C2E44617465686A81014B5974190300007870770800000161D1D320507874000D302F35202A202A202A202A203F7372000E6A6176612E6C616E672E4C6F6E673B8BE490CC8F23DF0200014A000576616C7565787200106A6176612E6C616E672E4E756D62657286AC951D0B94E08B0200007870000000000000000B74000574657374327074000CE6B58BE8AF95E5BC82E5B8B8740001317800);
INSERT INTO `qrtz_triggers` VALUES ('MyScheduler', 'TASK_12', 'DEFAULT', 'TASK_12', 'DEFAULT', null, '1561970101000', '-1', '5', 'PAUSED', 'CRON', '1561970079000', '0', null, '2', 0xACED0005737200156F72672E71756172747A2E4A6F62446174614D61709FB083E8BFA9B0CB020000787200266F72672E71756172747A2E7574696C732E537472696E674B65794469727479466C61674D61708208E8C3FBC55D280200015A0013616C6C6F77735472616E7369656E74446174617872001D6F72672E71756172747A2E7574696C732E4469727479466C61674D617013E62EAD28760ACE0200025A000564697274794C00036D617074000F4C6A6176612F7574696C2F4D61703B787001737200116A6176612E7574696C2E486173684D61700507DAC1C31660D103000246000A6C6F6164466163746F724900097468726573686F6C6478703F4000000000000C7708000000100000000174000D4A4F425F504152414D5F4B455973720022636F6D2E73756E6B616973656E732E696273732E6A6F622E646F6D61696E2E4A6F62058D52AC1093A3040200084C00086265616E4E616D657400124C6A6176612F6C616E672F537472696E673B4C000A63726561746554696D657400104C6A6176612F7574696C2F446174653B4C000E63726F6E45787072657373696F6E71007E00094C00056A6F6249647400104C6A6176612F6C616E672F4C6F6E673B4C000A6D6574686F644E616D6571007E00094C0006706172616D7371007E00094C000672656D61726B71007E00094C000673746174757371007E0009787074000273737372000E6A6176612E7574696C2E44617465686A81014B597419030000787077080000016BACABF5187874000E312D32202A202A202A202A203F207372000E6A6176612E6C616E672E4C6F6E673B8BE490CC8F23DF0200014A000576616C7565787200106A6176612E6C616E672E4E756D62657286AC951D0B94E08B0200007870000000000000000C740005646446656E740008537472696E67207374000464646464740001317800);
INSERT INTO `qrtz_triggers` VALUES ('MyScheduler', 'TASK_2', 'DEFAULT', 'TASK_2', 'DEFAULT', null, '1554183920000', '-1', '5', 'PAUSED', 'CRON', '1554183919000', '0', null, '2', 0xACED0005737200156F72672E71756172747A2E4A6F62446174614D61709FB083E8BFA9B0CB020000787200266F72672E71756172747A2E7574696C732E537472696E674B65794469727479466C61674D61708208E8C3FBC55D280200015A0013616C6C6F77735472616E7369656E74446174617872001D6F72672E71756172747A2E7574696C732E4469727479466C61674D617013E62EAD28760ACE0200025A000564697274794C00036D617074000F4C6A6176612F7574696C2F4D61703B787001737200116A6176612E7574696C2E486173684D61700507DAC1C31660D103000246000A6C6F6164466163746F724900097468726573686F6C6478703F4000000000000C7708000000100000000174000D4A4F425F504152414D5F4B45597372001D63632E6D72626972642E666562732E6A6F622E646F6D61696E2E4A6F62058D52AC1093A3040200084C00086265616E4E616D657400124C6A6176612F6C616E672F537472696E673B4C000A63726561746554696D657400104C6A6176612F7574696C2F446174653B4C000E63726F6E45787072657373696F6E71007E00094C00056A6F6249647400104C6A6176612F6C616E672F4C6F6E673B4C000A6D6574686F644E616D6571007E00094C0006706172616D7371007E00094C000672656D61726B71007E00094C000673746174757371007E00097870740008746573745461736B7372000E6A6176612E7574696C2E44617465686A81014B5974190300007870770800000161C8C7A6987874000E302F3130202A202A202A202A203F7372000E6A6176612E6C616E672E4C6F6E673B8BE490CC8F23DF0200014A000576616C7565787200106A6176612E6C616E672E4E756D62657286AC951D0B94E08B02000078700000000000000002740005746573743170740018E697A0E58F82E4BBBBE58AA1E8B083E5BAA6E6B58BE8AF95740001317800);
INSERT INTO `qrtz_triggers` VALUES ('MyScheduler', 'TASK_3', 'DEFAULT', 'TASK_3', 'DEFAULT', null, '1554183919000', '-1', '5', 'PAUSED', 'CRON', '1554183919000', '0', null, '2', 0xACED0005737200156F72672E71756172747A2E4A6F62446174614D61709FB083E8BFA9B0CB020000787200266F72672E71756172747A2E7574696C732E537472696E674B65794469727479466C61674D61708208E8C3FBC55D280200015A0013616C6C6F77735472616E7369656E74446174617872001D6F72672E71756172747A2E7574696C732E4469727479466C61674D617013E62EAD28760ACE0200025A000564697274794C00036D617074000F4C6A6176612F7574696C2F4D61703B787001737200116A6176612E7574696C2E486173684D61700507DAC1C31660D103000246000A6C6F6164466163746F724900097468726573686F6C6478703F4000000000000C7708000000100000000174000D4A4F425F504152414D5F4B45597372001D63632E6D72626972642E666562732E6A6F622E646F6D61696E2E4A6F62058D52AC1093A3040200084C00086265616E4E616D657400124C6A6176612F6C616E672F537472696E673B4C000A63726561746554696D657400104C6A6176612F7574696C2F446174653B4C000E63726F6E45787072657373696F6E71007E00094C00056A6F6249647400104C6A6176612F6C616E672F4C6F6E673B4C000A6D6574686F644E616D6571007E00094C0006706172616D7371007E00094C000672656D61726B71007E00094C000673746174757371007E00097870740008746573745461736B7372000E6A6176612E7574696C2E44617465686A81014B5974190300007870770800000161D1711A907874000D302F31202A202A202A202A203F7372000E6A6176612E6C616E672E4C6F6E673B8BE490CC8F23DF0200014A000576616C7565787200106A6176612E6C616E672E4E756D62657286AC951D0B94E08B020000787000000000000000037400047465737474000B68656C6C6F20776F726C6474002BE69C89E58F82E4BBBBE58AA1E8B083E5BAA6E6B58BE8AF952CE6AF8FE99A94E4B880E7A792E8A7A6E58F91740001317800);

-- ----------------------------
-- Table structure for t_dept
-- ----------------------------
DROP TABLE IF EXISTS `t_dept`;
CREATE TABLE `t_dept` (
  `dept_id` bigint(20) NOT NULL AUTO_INCREMENT COMMENT '部门ID',
  `parent_id` bigint(20) NOT NULL COMMENT '上级部门ID',
  `dept_name` varchar(100) NOT NULL COMMENT '部门名称',
  `order_num` double(20,0) DEFAULT NULL COMMENT '排序',
  `create_time` datetime DEFAULT NULL COMMENT '创建时间',
  `modify_time` datetime DEFAULT NULL COMMENT '修改时间',
  PRIMARY KEY (`dept_id`) USING BTREE
) ENGINE=InnoDB AUTO_INCREMENT=7 DEFAULT CHARSET=utf8 ROW_FORMAT=DYNAMIC;

-- ----------------------------
-- Records of t_dept
-- ----------------------------
INSERT INTO `t_dept` VALUES ('1', '0', '开发部', '1', '2018-01-04 15:42:26', '2019-01-05 21:08:27');
INSERT INTO `t_dept` VALUES ('2', '1', '开发一部', '1', '2018-01-04 15:42:34', '2019-01-18 00:59:37');
INSERT INTO `t_dept` VALUES ('3', '1', '开发二部', '2', '2018-01-04 15:42:29', '2019-01-05 14:09:39');
INSERT INTO `t_dept` VALUES ('4', '0', '市场部', '2', '2018-01-04 15:42:36', '2019-01-23 06:27:56');
INSERT INTO `t_dept` VALUES ('5', '0', '人事部', '3', '2018-01-04 15:42:32', '2019-01-23 06:27:59');
INSERT INTO `t_dept` VALUES ('6', '0', '测试部', '4', '2018-01-04 15:42:38', '2019-01-17 08:15:47');

-- ----------------------------
-- Table structure for t_dict
-- ----------------------------
DROP TABLE IF EXISTS `t_dict`;
CREATE TABLE `t_dict` (
  `dict_id` bigint(20) NOT NULL AUTO_INCREMENT COMMENT '字典ID',
  `keyy` bigint(20) NOT NULL COMMENT '键',
  `valuee` varchar(100) NOT NULL COMMENT '值',
  `field_name` varchar(100) NOT NULL COMMENT '字段名称',
  `table_name` varchar(100) NOT NULL COMMENT '表名',
  PRIMARY KEY (`dict_id`) USING BTREE
) ENGINE=InnoDB AUTO_INCREMENT=34 DEFAULT CHARSET=utf8 ROW_FORMAT=DYNAMIC;

-- ----------------------------
-- Records of t_dict
-- ----------------------------
INSERT INTO `t_dict` VALUES ('1', '0', '男', 'ssex', 't_user');
INSERT INTO `t_dict` VALUES ('2', '1', '女', 'ssex', 't_user');
INSERT INTO `t_dict` VALUES ('3', '2', '保密', 'ssex', 't_user');
INSERT INTO `t_dict` VALUES ('4', '1', '有效', 'status', 't_user');
INSERT INTO `t_dict` VALUES ('5', '0', '锁定', 'status', 't_user');
INSERT INTO `t_dict` VALUES ('6', '0', '菜单', 'type', 't_menu');
INSERT INTO `t_dict` VALUES ('7', '1', '按钮', 'type', 't_menu');
INSERT INTO `t_dict` VALUES ('30', '0', '正常', 'status', 't_job');
INSERT INTO `t_dict` VALUES ('31', '1', '暂停', 'status', 't_job');
INSERT INTO `t_dict` VALUES ('32', '0', '成功', 'status', 't_job_log');
INSERT INTO `t_dict` VALUES ('33', '1', '失败', 'status', 't_job_log');

-- ----------------------------
-- Table structure for t_job
-- ----------------------------
DROP TABLE IF EXISTS `t_job`;
CREATE TABLE `t_job` (
  `job_id` bigint(20) NOT NULL AUTO_INCREMENT COMMENT '任务id',
  `bean_name` varchar(100) NOT NULL COMMENT 'spring bean名称',
  `method_name` varchar(100) NOT NULL COMMENT '方法名',
  `params` varchar(200) DEFAULT NULL COMMENT '参数',
  `cron_expression` varchar(100) NOT NULL COMMENT 'cron表达式',
  `status` char(2) NOT NULL COMMENT '任务状态  0：正常  1：暂停',
  `remark` varchar(200) DEFAULT NULL COMMENT '备注',
  `create_time` datetime DEFAULT NULL COMMENT '创建时间',
  PRIMARY KEY (`job_id`) USING BTREE
) ENGINE=InnoDB AUTO_INCREMENT=13 DEFAULT CHARSET=utf8 ROW_FORMAT=DYNAMIC;

-- ----------------------------
-- Records of t_job
-- ----------------------------
INSERT INTO `t_job` VALUES ('12', 'ss', 'ddFen', 'String s', '1-2 * * * * ? ', '1', 'dddd', '2019-07-01 08:34:39');

-- ----------------------------
-- Table structure for t_job_log
-- ----------------------------
DROP TABLE IF EXISTS `t_job_log`;
CREATE TABLE `t_job_log` (
  `log_id` bigint(20) NOT NULL AUTO_INCREMENT COMMENT '任务日志id',
  `job_id` bigint(20) NOT NULL COMMENT '任务id',
  `bean_name` varchar(100) NOT NULL COMMENT 'spring bean名称',
  `method_name` varchar(100) NOT NULL COMMENT '方法名',
  `params` varchar(200) DEFAULT NULL COMMENT '参数',
  `status` char(2) NOT NULL COMMENT '任务状态    0：成功    1：失败',
  `error` text COMMENT '失败信息',
  `times` decimal(11,0) DEFAULT NULL COMMENT '耗时(单位：毫秒)',
  `create_time` datetime DEFAULT NULL COMMENT '创建时间',
  PRIMARY KEY (`log_id`) USING BTREE
) ENGINE=InnoDB AUTO_INCREMENT=2502 DEFAULT CHARSET=utf8 ROW_FORMAT=DYNAMIC;

-- ----------------------------
-- Records of t_job_log
-- ----------------------------
INSERT INTO `t_job_log` VALUES ('2450', '3', 'testTask', 'test', 'hello world', '0', null, '2', '2018-03-20 15:31:52');
INSERT INTO `t_job_log` VALUES ('2451', '3', 'testTask', 'test', 'hello world', '0', null, '0', '2018-03-20 15:31:53');
INSERT INTO `t_job_log` VALUES ('2452', '3', 'testTask', 'test', 'hello world', '0', null, '2', '2018-03-20 15:31:54');
INSERT INTO `t_job_log` VALUES ('2453', '3', 'testTask', 'test', 'hello world', '0', null, '1', '2018-03-20 15:31:55');
INSERT INTO `t_job_log` VALUES ('2454', '3', 'testTask', 'test', 'hello world', '0', null, '0', '2018-03-20 15:31:56');
INSERT INTO `t_job_log` VALUES ('2455', '3', 'testTask', 'test', 'hello world', '0', null, '1', '2018-03-20 15:31:57');
INSERT INTO `t_job_log` VALUES ('2456', '3', 'testTask', 'test', 'hello world', '0', null, '1', '2018-03-20 15:31:59');
INSERT INTO `t_job_log` VALUES ('2457', '3', 'testTask', 'test', 'hello world', '0', null, '1', '2018-03-20 15:31:59');
INSERT INTO `t_job_log` VALUES ('2458', '3', 'testTask', 'test', 'hello world', '0', null, '1', '2018-03-20 15:32:00');
INSERT INTO `t_job_log` VALUES ('2459', '3', 'testTask', 'test', 'hello world', '0', null, '0', '2018-03-20 15:32:01');
INSERT INTO `t_job_log` VALUES ('2460', '3', 'testTask', 'test', 'hello world', '0', null, '5', '2018-03-20 15:32:02');
INSERT INTO `t_job_log` VALUES ('2461', '3', 'testTask', 'test', 'hello world', '0', null, '1', '2018-03-20 15:32:03');
INSERT INTO `t_job_log` VALUES ('2462', '3', 'testTask', 'test', 'hello world', '0', null, '1', '2018-03-20 15:32:04');
INSERT INTO `t_job_log` VALUES ('2463', '3', 'testTask', 'test', 'hello world', '0', null, '1', '2018-03-20 15:32:05');
INSERT INTO `t_job_log` VALUES ('2464', '3', 'testTask', 'test', 'hello world', '0', null, '1', '2018-03-20 15:32:06');
INSERT INTO `t_job_log` VALUES ('2465', '11', 'testTask', 'test2', null, '1', 'java.lang.NoSuchMethodException: cc.mrbird.job.task.TestTask.test2()', '0', '2018-03-20 15:32:26');
INSERT INTO `t_job_log` VALUES ('2466', '2', 'testTask', 'test1', null, '0', null, '1', '2018-04-02 15:26:40');
INSERT INTO `t_job_log` VALUES ('2467', '2', 'testTask', 'test1', null, '0', null, '1', '2018-04-02 15:26:50');
INSERT INTO `t_job_log` VALUES ('2468', '2', 'testTask', 'test1', null, '0', null, '1', '2018-04-02 15:27:20');
INSERT INTO `t_job_log` VALUES ('2469', '2', 'testTask', 'test1', null, '0', null, '3', '2018-04-02 17:29:20');
INSERT INTO `t_job_log` VALUES ('2476', '1', 'testTask', 'test', 'mrbird', '0', null, '1', '2019-01-06 08:25:00');
INSERT INTO `t_job_log` VALUES ('2477', '11', 'testTask', 'test2', null, '1', 'java.lang.NoSuchMethodException: cc.mrbird.febs.job.task.TestTask.test2()', '0', '2019-01-06 08:25:25');
INSERT INTO `t_job_log` VALUES ('2478', '1', 'testTask', 'test', 'mrbird', '0', null, '1', '2019-01-06 08:40:15');
INSERT INTO `t_job_log` VALUES ('2479', '1', 'testTask', 'test', 'mrbird', '0', null, '1', '2019-01-06 08:40:15');
INSERT INTO `t_job_log` VALUES ('2480', '1', 'testTask', 'test', 'mrbird', '0', null, '1', '2019-01-06 08:40:15');
INSERT INTO `t_job_log` VALUES ('2481', '1', 'testTask', 'test', 'mrbird', '0', null, '1', '2019-01-06 08:40:15');
INSERT INTO `t_job_log` VALUES ('2482', '1', 'testTask', 'test', 'mrbird', '0', null, '0', '2019-01-06 08:40:15');
INSERT INTO `t_job_log` VALUES ('2483', '1', 'testTask', 'test', 'mrbird', '0', null, '1', '2019-01-06 08:40:15');
INSERT INTO `t_job_log` VALUES ('2484', '1', 'testTask', 'test', 'mrbird', '0', null, '0', '2019-01-06 08:40:15');
INSERT INTO `t_job_log` VALUES ('2485', '1', 'testTask', 'test', 'mrbird', '0', null, '0', '2019-01-06 08:40:15');
INSERT INTO `t_job_log` VALUES ('2486', '1', 'testTask', 'test', 'mrbird', '0', null, '0', '2019-01-06 08:40:15');
INSERT INTO `t_job_log` VALUES ('2487', '1', 'testTask', 'test', 'mrbird', '0', null, '0', '2019-01-06 08:40:15');
INSERT INTO `t_job_log` VALUES ('2488', '1', 'testTask', 'test', 'mrbird', '0', null, '1', '2019-01-06 08:40:16');
INSERT INTO `t_job_log` VALUES ('2489', '1', 'testTask', 'test', 'mrbird', '0', null, '0', '2019-01-06 08:40:17');
INSERT INTO `t_job_log` VALUES ('2490', '1', 'testTask', 'test', 'mrbird', '0', null, '1', '2019-01-06 08:40:18');
INSERT INTO `t_job_log` VALUES ('2491', '1', 'testTask', 'test', 'mrbird', '0', null, '0', '2019-01-06 08:40:19');
INSERT INTO `t_job_log` VALUES ('2492', '1', 'testTask', 'test', 'mrbird', '0', null, '1', '2019-01-06 08:40:20');
INSERT INTO `t_job_log` VALUES ('2493', '1', 'testTask', 'test', 'mrbird', '0', null, '0', '2019-01-06 08:40:21');
INSERT INTO `t_job_log` VALUES ('2494', '1', 'testTask', 'test', 'mrbird', '0', null, '0', '2019-01-06 08:40:22');
INSERT INTO `t_job_log` VALUES ('2495', '11', 'testTask', 'test2', null, '1', 'java.lang.NoSuchMethodException: cc.mrbird.febs.job.task.TestTask.test2()', '2', '2019-01-06 08:40:36');
INSERT INTO `t_job_log` VALUES ('2496', '11', 'testTask', 'test2', null, '1', 'java.lang.NoSuchMethodException: cc.mrbird.febs.job.task.TestTask.test2()', '0', '2019-01-06 08:40:36');
INSERT INTO `t_job_log` VALUES ('2497', '11', 'testTask', 'test2', null, '1', 'java.lang.NoSuchMethodException: cc.mrbird.febs.job.task.TestTask.test2()', '1', '2019-01-06 08:40:40');
INSERT INTO `t_job_log` VALUES ('2498', '2', 'testTask', 'test1', null, '0', null, '1', '2019-01-06 11:36:20');
INSERT INTO `t_job_log` VALUES ('2499', '1', 'testTask', 'test', 'mrbird', '0', null, '30', '2019-01-22 05:41:01');
INSERT INTO `t_job_log` VALUES ('2500', '1', 'testTask', 'test', 'mrbird', '0', null, '9', '2019-01-23 06:28:58');
INSERT INTO `t_job_log` VALUES ('2501', '1', 'testTask', 'test', 'mrbird', '0', null, '12', '2019-01-24 05:39:59');

-- ----------------------------
-- Table structure for t_log
-- ----------------------------
DROP TABLE IF EXISTS `t_log`;
CREATE TABLE `t_log` (
  `id` bigint(20) NOT NULL AUTO_INCREMENT COMMENT '日志ID',
  `username` varchar(50) DEFAULT NULL COMMENT '操作用户',
  `operation` text COMMENT '操作内容',
  `time` decimal(11,0) DEFAULT NULL COMMENT '耗时',
  `method` text COMMENT '操作方法',
  `params` text COMMENT '方法参数',
  `ip` varchar(64) DEFAULT NULL COMMENT '操作者IP',
  `create_time` datetime DEFAULT NULL COMMENT '创建时间',
  `location` varchar(50) DEFAULT NULL COMMENT '操作地点',
  PRIMARY KEY (`id`) USING BTREE
) ENGINE=InnoDB AUTO_INCREMENT=1874 DEFAULT CHARSET=utf8 ROW_FORMAT=DYNAMIC;

-- ----------------------------
-- Records of t_log
-- ----------------------------
INSERT INTO `t_log` VALUES ('1815', 'mrbird', '删除用户', '301', 'cc.mrbird.febs.system.controller.UserController.deleteUsers()', ' userIds: \"11\"', '127.0.0.1', '2019-01-23 06:26:43', '内网IP|0|0|内网IP|内网IP');
INSERT INTO `t_log` VALUES ('1816', 'mrbird', '修改菜单/按钮', '170', 'cc.mrbird.febs.system.controller.MenuController.updateMenu()', ' menu: \"Menu(menuId=2, parentId=0, menuName=系统监控, path=/monitor, component=PageView, perms=null, icon=dashboard, type=0, orderNum=2.0, createTime=null, modifyTime=Wed Jan 23 14:27:12 CST 2019, createTimeFrom=null, createTimeTo=null)\"', '127.0.0.1', '2019-01-23 06:27:13', '内网IP|0|0|内网IP|内网IP');
INSERT INTO `t_log` VALUES ('1817', 'mrbird', '修改部门', '90', 'cc.mrbird.febs.system.controller.DeptController.updateDept()', ' dept: \"Dept(deptId=4, parentId=0, deptName=市场部, orderNum=2.0, createTime=null, modifyTime=Wed Jan 23 14:27:55 CST 2019, createTimeFrom=null, createTimeTo=null)\"', '127.0.0.1', '2019-01-23 06:27:56', '内网IP|0|0|内网IP|内网IP');
INSERT INTO `t_log` VALUES ('1818', 'mrbird', '修改部门', '596', 'cc.mrbird.febs.system.controller.DeptController.updateDept()', ' dept: \"Dept(deptId=5, parentId=0, deptName=人事部, orderNum=3.0, createTime=null, modifyTime=Wed Jan 23 14:27:59 CST 2019, createTimeFrom=null, createTimeTo=null)\"', '127.0.0.1', '2019-01-23 06:28:00', '内网IP|0|0|内网IP|内网IP');
INSERT INTO `t_log` VALUES ('1819', 'mrbird', '执行定时任务', '146', 'cc.mrbird.febs.job.controller.JobController.runJob()', ' jobId: \"1\"', '127.0.0.1', '2019-01-23 06:28:58', '内网IP|0|0|内网IP|内网IP');
INSERT INTO `t_log` VALUES ('1820', 'mrbird', '新增菜单/按钮', '160', 'cc.mrbird.febs.system.controller.MenuController.addMenu()', ' menu: \"Menu(menuId=130, parentId=3, menuName=导出Excel, path=null, component=null, perms=user:export, icon=null, type=1, orderNum=null, createTime=Wed Jan 23 14:35:15 CST 2019, modifyTime=null, createTimeFrom=null, createTimeTo=null)\"', '127.0.0.1', '2019-01-23 06:35:16', '内网IP|0|0|内网IP|内网IP');
INSERT INTO `t_log` VALUES ('1821', 'mrbird', '新增菜单/按钮', '255', 'cc.mrbird.febs.system.controller.MenuController.addMenu()', ' menu: \"Menu(menuId=131, parentId=4, menuName=导出Excel, path=null, component=null, perms=role:export, icon=null, type=1, orderNum=null, createTime=Wed Jan 23 14:35:36 CST 2019, modifyTime=null, createTimeFrom=null, createTimeTo=null)\"', '127.0.0.1', '2019-01-23 06:35:36', '内网IP|0|0|内网IP|内网IP');
INSERT INTO `t_log` VALUES ('1822', 'mrbird', '新增菜单/按钮', '172', 'cc.mrbird.febs.system.controller.MenuController.addMenu()', ' menu: \"Menu(menuId=132, parentId=5, menuName=导出Excel, path=null, component=null, perms=menu:export, icon=null, type=1, orderNum=null, createTime=Wed Jan 23 14:36:04 CST 2019, modifyTime=null, createTimeFrom=null, createTimeTo=null)\"', '127.0.0.1', '2019-01-23 06:36:05', '内网IP|0|0|内网IP|内网IP');
INSERT INTO `t_log` VALUES ('1823', 'mrbird', '新增菜单/按钮', '188', 'cc.mrbird.febs.system.controller.MenuController.addMenu()', ' menu: \"Menu(menuId=133, parentId=6, menuName=导出Excel, path=null, component=null, perms=dept:export, icon=null, type=1, orderNum=null, createTime=Wed Jan 23 14:36:24 CST 2019, modifyTime=null, createTimeFrom=null, createTimeTo=null)\"', '127.0.0.1', '2019-01-23 06:36:25', '内网IP|0|0|内网IP|内网IP');
INSERT INTO `t_log` VALUES ('1824', 'mrbird', '新增菜单/按钮', '186', 'cc.mrbird.febs.system.controller.MenuController.addMenu()', ' menu: \"Menu(menuId=134, parentId=64, menuName=导出Excel, path=null, component=null, perms=dict:export, icon=null, type=1, orderNum=null, createTime=Wed Jan 23 14:36:43 CST 2019, modifyTime=null, createTimeFrom=null, createTimeTo=null)\"', '127.0.0.1', '2019-01-23 06:36:44', '内网IP|0|0|内网IP|内网IP');
INSERT INTO `t_log` VALUES ('1825', 'mrbird', '新增菜单/按钮', '160', 'cc.mrbird.febs.system.controller.MenuController.addMenu()', ' menu: \"Menu(menuId=135, parentId=3, menuName=密码重置, path=null, component=null, perms=user:reset, icon=null, type=1, orderNum=null, createTime=Wed Jan 23 14:36:59 CST 2019, modifyTime=null, createTimeFrom=null, createTimeTo=null)\"', '127.0.0.1', '2019-01-23 06:37:00', '内网IP|0|0|内网IP|内网IP');
INSERT INTO `t_log` VALUES ('1826', 'mrbird', '新增菜单/按钮', '181', 'cc.mrbird.febs.system.controller.MenuController.addMenu()', ' menu: \"Menu(menuId=136, parentId=10, menuName=导出Excel, path=null, component=null, perms=log:export, icon=null, type=1, orderNum=null, createTime=Wed Jan 23 14:37:26 CST 2019, modifyTime=null, createTimeFrom=null, createTimeTo=null)\"', '127.0.0.1', '2019-01-23 06:37:27', '内网IP|0|0|内网IP|内网IP');
INSERT INTO `t_log` VALUES ('1827', 'mrbird', '新增菜单/按钮', '146', 'cc.mrbird.febs.system.controller.MenuController.addMenu()', ' menu: \"Menu(menuId=137, parentId=102, menuName=导出Excel, path=null, component=null, perms=job:export, icon=null, type=1, orderNum=null, createTime=Wed Jan 23 14:37:59 CST 2019, modifyTime=null, createTimeFrom=null, createTimeTo=null)\"', '127.0.0.1', '2019-01-23 06:37:59', '内网IP|0|0|内网IP|内网IP');
INSERT INTO `t_log` VALUES ('1828', 'mrbird', '新增菜单/按钮', '164', 'cc.mrbird.febs.system.controller.MenuController.addMenu()', ' menu: \"Menu(menuId=138, parentId=109, menuName=导出Excel, path=null, component=null, perms=jobLog:export, icon=null, type=1, orderNum=null, createTime=Wed Jan 23 14:38:32 CST 2019, modifyTime=null, createTimeFrom=null, createTimeTo=null)\"', '127.0.0.1', '2019-01-23 06:38:33', '内网IP|0|0|内网IP|内网IP');
INSERT INTO `t_log` VALUES ('1829', 'mrbird', '修改角色', '3132', 'cc.mrbird.febs.system.controller.RoleController.updateRole()', ' role: \"Role(roleId=1, roleName=管理员, remark=管理员, createTime=null, modifyTime=Wed Jan 23 14:45:28 CST 2019, createTimeFrom=null, createTimeTo=null, menuId=1,3,11,12,13,4,14,15,16,5,17,18,19,6,20,21,22,64,65,66,67,2,8,23,10,24,113,121,122,124,123,125,101,102,103,104,105,106,107,108,109,110,58,59,61,81,82,83,127,128,129,130,135,131,132,133,134,136,137,138)\"', '127.0.0.1', '2019-01-23 06:45:32', '内网IP|0|0|内网IP|内网IP');
INSERT INTO `t_log` VALUES ('1830', 'mrbird', '修改角色', '1730', 'cc.mrbird.febs.system.controller.RoleController.updateRole()', ' role: \"Role(roleId=2, roleName=注册用户, remark=只可查看不可操作, createTime=null, modifyTime=Wed Jan 23 15:31:07 CST 2019, createTimeFrom=null, createTimeTo=null, menuId=3,1,4,5,6,64,2,8,10,113,121,122,124,123,125,101,102,109,58,59,61,81,82,83,127,128,129)\"', '127.0.0.1', '2019-01-23 07:31:09', '内网IP|0|0|内网IP|内网IP');
INSERT INTO `t_log` VALUES ('1831', 'mrbird', '修改角色', '1997', 'cc.mrbird.febs.system.controller.RoleController.updateRole()', ' role: \"Role(roleId=2, roleName=注册用户, remark=可查看，新增，导出, createTime=null, modifyTime=Wed Jan 23 15:32:20 CST 2019, createTimeFrom=null, createTimeTo=null, menuId=3,1,4,5,6,64,2,8,10,113,121,122,124,123,125,101,102,109,58,59,61,81,82,83,127,128,129,130,14,17,132,20,133,65,134,136,103,137,138)\"', '127.0.0.1', '2019-01-23 07:32:22', '内网IP|0|0|内网IP|内网IP');
INSERT INTO `t_log` VALUES ('1832', 'mrbird', '新增角色', '1428', 'cc.mrbird.febs.system.controller.RoleController.addRole()', ' role: \"Role(roleId=72, roleName=普通用户, remark=只可查看，好可怜哦, createTime=Wed Jan 23 15:33:20 CST 2019, modifyTime=null, createTimeFrom=null, createTimeTo=null, menuId=1,3,4,5,6,64,2,8,10,113,121,122,124,123,127,101,102,109,58,59,61,81,82,83,128,129)\"', '127.0.0.1', '2019-01-23 07:33:22', '内网IP|0|0|内网IP|内网IP');
INSERT INTO `t_log` VALUES ('1833', 'mrbird', '新增用户', '338', 'cc.mrbird.febs.system.controller.UserController.addUser()', ' user: \"User(userId=12, username=jack, password=552649f10640385d0728a80a4242893e, deptId=6, deptName=null, email=jack@hotmail.com, mobile=null, status=1, createTime=Wed Jan 23 15:34:05 CST 2019, modifyTime=null, lastLoginTime=null, ssex=0, description=null, avatar=default.jpg, roleId=72, roleName=null, sortField=null, sortOrder=null, createTimeFrom=null, createTimeTo=null, id=null)\"', '127.0.0.1', '2019-01-23 07:34:06', '内网IP|0|0|内网IP|内网IP');
INSERT INTO `t_log` VALUES ('1834', 'mrbird', '修改角色', '2160', 'cc.mrbird.febs.system.controller.RoleController.updateRole()', ' role: \"Role(roleId=2, roleName=注册用户, remark=可查看，新增，导出, createTime=null, modifyTime=Wed Jan 23 15:37:08 CST 2019, createTimeFrom=null, createTimeTo=null, menuId=3,1,4,5,6,64,2,8,10,113,121,122,124,123,125,101,102,109,58,59,61,81,82,83,127,128,129,130,14,17,132,20,133,65,134,136,103,137,138,131)\"', '127.0.0.1', '2019-01-23 07:37:11', '内网IP|0|0|内网IP|内网IP');
INSERT INTO `t_log` VALUES ('1835', 'mrbird', '新增角色', '169', 'cc.mrbird.febs.system.controller.RoleController.addRole()', ' role: \"Role(roleId=73, roleName=测试xss, remark=<style>body{background:red !important}</style>, createTime=Wed Jan 23 15:47:04 CST 2019, modifyTime=null, createTimeFrom=null, createTimeTo=null, menuId=1,3)\"', '127.0.0.1', '2019-01-23 07:47:04', '内网IP|0|0|内网IP|内网IP');
INSERT INTO `t_log` VALUES ('1836', 'mrbird', '删除角色', '54', 'cc.mrbird.febs.system.controller.RoleController.deleteRoles()', ' roleIds: \"73\"', '218.104.237.213', '2019-01-24 03:03:41', '中国|华东|福建省|福州市|联通');
INSERT INTO `t_log` VALUES ('1837', 'mrbird', '修改用户', '39', 'cc.mrbird.febs.system.controller.UserController.updateUser()', ' user: \"User(userId=12, username=jack, password=null, deptId=6, deptName=null, email=jack@hotmail.com, mobile=null, status=1, createTime=null, modifyTime=Thu Jan 24 11:08:00 CST 2019, lastLoginTime=null, ssex=0, description=null, avatar=null, roleId=72, roleName=null, sortField=null, sortOrder=null, createTimeFrom=null, createTimeTo=null, id=null)\"', '218.104.237.213', '2019-01-24 03:08:01', '中国|华东|福建省|福州市|联通');
INSERT INTO `t_log` VALUES ('1838', 'mrbird', '执行定时任务', '41', 'cc.mrbird.febs.job.controller.JobController.runJob()', ' jobId: \"1\"', '218.104.237.213', '2019-01-24 05:39:59', '中国|华东|福建省|福州市|联通');
INSERT INTO `t_log` VALUES ('1839', 'mrbird', '新增定时任务', '130', 'com.sunkaisens.ibss.job.controller.JobController.addJob()', ' job: \"Job(jobId=12, beanName=ss, methodName=ddFen, params=String s, cronExpression=1-2 * * * * ? , status=1, remark=dddd, createTime=Mon Jul 01 16:34:39 CST 2019, createTimeFrom=null, createTimeTo=null)\"', '127.0.0.1', '2019-07-01 08:34:39', '');
INSERT INTO `t_log` VALUES ('1840', 'admin', '删除用户', '48778', 'com.sunkaisens.ibss.system.controller.UserController.deleteUsers()', ' userIds: \"1\"', '192.168.159.1', '2019-07-23 08:40:39', '');
INSERT INTO `t_log` VALUES ('1841', 'admin', '删除用户', '613209', 'com.sunkaisens.ibss.system.controller.UserController.deleteUsers()', ' userIds: \"1\"', '192.168.159.1', '2019-07-23 09:00:02', '');
INSERT INTO `t_log` VALUES ('1842', 'admin', '新增用户', '142', 'com.sunkaisens.ibss.system.controller.UserController.addUser()', ' user: \"User(userId=13, username=sssss, password=5106a56377e1f22293f11cdde5369013, deptId=null, deptName=null, email=null, mobile=null, status=1, createTime=Wed Jul 24 10:15:00 CST 2019, modifyTime=null, lastLoginTime=null, ssex=女, description=null, avatar=default.jpg, roleId=4, roleName=null, sortField=null, sortOrder=null, createTimeFrom=null, createTimeTo=null, id=null)\"', '192.168.159.1', '2019-07-24 02:15:00', '');
INSERT INTO `t_log` VALUES ('1843', 'admin', '新增用户', '100', 'com.sunkaisens.ibss.system.controller.UserController.addUser()', ' user: \"User(userId=14, username=sssss, password=5106a56377e1f22293f11cdde5369013, deptId=null, deptName=null, email=null, mobile=null, status=1, createTime=Thu Jul 25 13:54:19 CST 2019, modifyTime=null, lastLoginTime=null, ssex=女, description=null, avatar=default.jpg, roleId=4, roleName=null, sortField=null, sortOrder=null, createTimeFrom=null, createTimeTo=null, id=null)\"', '192.168.159.1', '2019-07-25 05:54:19', '');
INSERT INTO `t_log` VALUES ('1844', 'admin', '新增用户', '26720', 'com.sunkaisens.ibss.system.controller.UserController.addUser()', ' user: \"User(userId=15, username=121312312, password=1a0795adfd59f3c0b9335da23c64a6b8, deptId=null, deptName=null, email=null, mobile=null, status=1, createTime=Thu Jul 25 14:18:06 CST 2019, modifyTime=null, lastLoginTime=null, ssex=1, description=null, avatar=default.jpg, roleId=1, roleName=null, sortField=null, sortOrder=null, createTimeFrom=null, createTimeTo=null, id=null)\"', '192.168.159.1', '2019-07-25 06:18:10', '');
INSERT INTO `t_log` VALUES ('1845', 'admin', '新增用户', '8443', 'com.sunkaisens.ibss.system.controller.UserController.addUser()', ' user: \"User(userId=16, username=admin1, password=d20a4a23fabcaf29967ede1fdb955072, deptId=null, deptName=null, email=admin@qq.com, mobile=12345678901, status=1, createTime=Thu Jul 25 14:25:56 CST 2019, modifyTime=null, lastLoginTime=null, ssex=0, description=null, avatar=default.jpg, roleId=1, roleName=null, sortField=null, sortOrder=null, createTimeFrom=null, createTimeTo=null, id=null)\"', '192.168.159.1', '2019-07-25 06:25:56', '');
INSERT INTO `t_log` VALUES ('1846', 'admin', '新增用户', '74502', 'com.sunkaisens.ibss.system.controller.UserController.addUser()', ' user: \"User(userId=17, username=456789, password=347bf8373ea6375284faf6992b4eec81, deptId=null, deptName=, email=3232132131214313, mobile=321321312, status=1, createTime=Thu Jul 25 14:27:55 CST 2019, modifyTime=null, lastLoginTime=null, ssex=0, description=null, avatar=default.jpg, roleId=null, roleName=null, sortField=null, sortOrder=null, createTimeFrom=null, createTimeTo=null, id=null)\"', '172.16.0.94', '2019-07-25 06:29:00', '');
INSERT INTO `t_log` VALUES ('1847', 'admin', '新增用户', '3298', 'com.sunkaisens.ibss.system.controller.UserController.addUser()', ' user: \"User(userId=18, username=456789, password=347bf8373ea6375284faf6992b4eec81, deptId=null, deptName=, email=3232132131214313, mobile=321321312, status=1, createTime=Thu Jul 25 14:29:04 CST 2019, modifyTime=null, lastLoginTime=null, ssex=0, description=null, avatar=default.jpg, roleId=null, roleName=null, sortField=null, sortOrder=null, createTimeFrom=null, createTimeTo=null, id=null)\"', '172.16.0.94', '2019-07-25 06:29:04', '');
INSERT INTO `t_log` VALUES ('1848', 'admin', '新增用户', '56', 'com.sunkaisens.ibss.system.controller.UserController.addUser()', ' user: \"User(userId=19, username=admin1, password=d20a4a23fabcaf29967ede1fdb955072, deptId=null, deptName=null, email=admin@qq.com, mobile=12345678901, status=1, createTime=Thu Jul 25 14:37:23 CST 2019, modifyTime=null, lastLoginTime=null, ssex=0, description=null, avatar=default.jpg, roleId=1, roleName=null, sortField=null, sortOrder=null, createTimeFrom=null, createTimeTo=null, id=null)\"', '192.168.159.1', '2019-07-25 06:37:23', '');
INSERT INTO `t_log` VALUES ('1849', 'admin', '新增用户', '23', 'com.sunkaisens.ibss.system.controller.UserController.addUser()', ' user: \"User(userId=20, username=admin1, password=d20a4a23fabcaf29967ede1fdb955072, deptId=null, deptName=null, email=admin@qq.com, mobile=12345678901, status=1, createTime=Thu Jul 25 14:37:38 CST 2019, modifyTime=null, lastLoginTime=null, ssex=0, description=null, avatar=default.jpg, roleId=1, roleName=null, sortField=null, sortOrder=null, createTimeFrom=null, createTimeTo=null, id=null)\"', '192.168.159.1', '2019-07-25 06:37:38', '');
INSERT INTO `t_log` VALUES ('1850', 'admin', '新增用户', '139812', 'com.sunkaisens.ibss.system.controller.UserController.addUser()', ' user: \"User(userId=21, username=admin1, password=d20a4a23fabcaf29967ede1fdb955072, deptId=null, deptName=null, email=admin@qq.com, mobile=12345678901, status=1, createTime=Thu Jul 25 14:39:34 CST 2019, modifyTime=null, lastLoginTime=null, ssex=0, description=null, avatar=default.jpg, roleId=1, roleName=null, sortField=null, sortOrder=null, createTimeFrom=null, createTimeTo=null, id=null)\"', '192.168.159.1', '2019-07-25 06:41:34', '');
INSERT INTO `t_log` VALUES ('1851', 'admin', '新增用户', '68008', 'com.sunkaisens.ibss.system.controller.UserController.addUser()', ' user: \"User(userId=23, username=admin1, password=d20a4a23fabcaf29967ede1fdb955072, deptId=null, deptName=null, email=admin@qq.com, mobile=12345678901, status=1, createTime=Thu Jul 25 14:54:47 CST 2019, modifyTime=null, lastLoginTime=null, ssex=0, description=null, avatar=default.jpg, roleId=1, roleName=null, sortField=null, sortOrder=null, createTimeFrom=null, createTimeTo=null, id=null)\"', '192.168.159.1', '2019-07-25 06:55:21', '');
INSERT INTO `t_log` VALUES ('1852', 'admin', '新增用户', '17524', 'com.sunkaisens.ibss.system.controller.UserController.addUser()', ' user: \"User(userId=24, username=admin1, password=d20a4a23fabcaf29967ede1fdb955072, deptId=null, deptName=null, email=admin@qq.com, mobile=12345678901, status=1, createTime=Thu Jul 25 14:55:56 CST 2019, modifyTime=null, lastLoginTime=null, ssex=0, description=null, avatar=default.jpg, roleId=1, roleName=null, sortField=null, sortOrder=null, createTimeFrom=null, createTimeTo=null, id=null)\"', '192.168.159.1', '2019-07-25 06:55:56', '');
INSERT INTO `t_log` VALUES ('1853', 'admin', '新增用户', '11664', 'com.sunkaisens.ibss.system.controller.UserController.addUser()', ' user: \"User(userId=26, username=admin1, password=d20a4a23fabcaf29967ede1fdb955072, deptId=null, deptName=null, email=admin@qq.com, mobile=12345678901, status=1, createTime=Thu Jul 25 15:02:12 CST 2019, modifyTime=null, lastLoginTime=null, ssex=0, description=null, avatar=default.jpg, roleId=1, roleName=null, sortField=null, sortOrder=null, createTimeFrom=null, createTimeTo=null, id=null)\"', '192.168.159.1', '2019-07-25 07:02:19', '');
INSERT INTO `t_log` VALUES ('1854', 'admin', '新增用户', '11481', 'com.sunkaisens.ibss.system.controller.UserController.addUser()', ' user: \"User(userId=27, username=ewqedsad, password=09faa648a921c51c9ee725621d495003, deptId=null, deptName=, email=1023@qq.com, mobile=12356236690, status=2, createTime=Thu Jul 25 15:06:52 CST 2019, modifyTime=null, lastLoginTime=null, ssex=0, description=null, avatar=default.jpg, roleId=1, roleName=null, sortField=null, sortOrder=null, createTimeFrom=null, createTimeTo=null, id=null)\"', '172.16.0.94', '2019-07-25 07:06:58', '');
INSERT INTO `t_log` VALUES ('1855', 'admin', '新增用户', '29180', 'com.sunkaisens.ibss.system.controller.UserController.addUser()', ' user: \"User(userId=28, username=liuq, password=809a9e20f2e7d78c1792e13235bfd324, deptId=null, deptName=, email=1023@qq.com, mobile=12365897411, status=1, createTime=Thu Jul 25 15:11:36 CST 2019, modifyTime=null, lastLoginTime=null, ssex=0, description=null, avatar=default.jpg, roleId=1, roleName=null, sortField=null, sortOrder=null, createTimeFrom=null, createTimeTo=null, id=null)\"', '172.16.0.94', '2019-07-25 07:11:56', '');
INSERT INTO `t_log` VALUES ('1856', 'admin', '新增用户', '8374', 'com.sunkaisens.ibss.system.controller.UserController.addUser()', ' user: \"User(userId=29, username=qeiwoq, password=ff5a9d2354e5c04c615c918dd9ffe8ed, deptId=null, deptName=, email=10@qq.com, mobile=15230323669, status=2, createTime=Thu Jul 25 15:14:13 CST 2019, modifyTime=null, lastLoginTime=null, ssex=0, description=null, avatar=default.jpg, roleId=2, roleName=null, sortField=null, sortOrder=null, createTimeFrom=null, createTimeTo=null, id=null)\"', '172.16.0.94', '2019-07-25 07:14:18', '');
INSERT INTO `t_log` VALUES ('1857', 'admin', '修改用户', '32', 'com.sunkaisens.ibss.system.controller.UserController.updateUser()', ' user: \"User(userId=1, username=mrbird, password=null, deptId=1, deptName=开发部, email=mrbird123@hotmail.com, mobile=13455533233, status=1, createTime=Wed Dec 27 23:47:19 CST 2017, modifyTime=Thu Jul 25 16:28:16 CST 2019, lastLoginTime=Wed Jul 24 09:17:32 CST 2019, ssex=0, description=我是帅比作者。, avatar=default.png, roleId=1, roleName=管理员, sortField=null, sortOrder=null, createTimeFrom=null, createTimeTo=null, id=null)\"', '172.16.0.94', '2019-07-25 08:28:16', '');
INSERT INTO `t_log` VALUES ('1858', 'admin', '修改用户', '38', 'com.sunkaisens.ibss.system.controller.UserController.updateUser()', ' user: \"User(userId=1, username=mrbird, password=null, deptId=1, deptName=开发部, email=mrbird123@hotmail.com, mobile=13455533233, status=1, createTime=Wed Dec 27 23:47:19 CST 2017, modifyTime=Thu Jul 25 16:28:39 CST 2019, lastLoginTime=Wed Jul 24 09:17:32 CST 2019, ssex=1, description=我是帅比作者。, avatar=default.png, roleId=1, roleName=管理员, sortField=null, sortOrder=null, createTimeFrom=null, createTimeTo=null, id=null)\"', '172.16.0.94', '2019-07-25 08:28:39', '');
INSERT INTO `t_log` VALUES ('1859', 'admin', '修改用户', '87', 'com.sunkaisens.ibss.system.controller.UserController.updateUser()', ' user: \"User(userId=null, username=admin1, password=null, deptId=null, deptName=null, email=admin@qq.com, mobile=12345678901, status=1, createTime=null, modifyTime=Thu Jul 25 16:30:54 CST 2019, lastLoginTime=null, ssex=0, description=null, avatar=null, roleId=1, roleName=null, sortField=null, sortOrder=null, createTimeFrom=null, createTimeTo=null, id=null)\"', '192.168.159.1', '2019-07-25 08:30:55', '');
INSERT INTO `t_log` VALUES ('1860', 'admin', '修改用户', '28', 'com.sunkaisens.ibss.system.controller.UserController.updateUser()', ' user: \"User(userId=27, username=admin1, password=null, deptId=null, deptName=null, email=admin@qq.com, mobile=12345678901, status=1, createTime=null, modifyTime=Thu Jul 25 16:34:06 CST 2019, lastLoginTime=null, ssex=0, description=null, avatar=null, roleId=1, roleName=null, sortField=null, sortOrder=null, createTimeFrom=null, createTimeTo=null, id=null)\"', '192.168.159.1', '2019-07-25 08:34:06', '');
INSERT INTO `t_log` VALUES ('1861', 'admin', '修改用户', '22', 'com.sunkaisens.ibss.system.controller.UserController.updateUser()', ' user: \"User(userId=1, username=mrbird, password=null, deptId=1, deptName=开发部, email=mrbird123@hotmail.com, mobile=13455533333, status=1, createTime=Wed Dec 27 23:47:19 CST 2017, modifyTime=Thu Jul 25 16:34:07 CST 2019, lastLoginTime=Wed Jul 24 09:17:32 CST 2019, ssex=1, description=我是帅比作者。, avatar=default.png, roleId=1, roleName=管理员, sortField=null, sortOrder=null, createTimeFrom=null, createTimeTo=null, id=null)\"', '172.16.0.94', '2019-07-25 08:34:07', '');
INSERT INTO `t_log` VALUES ('1862', 'admin', '修改用户', '21', 'com.sunkaisens.ibss.system.controller.UserController.updateUser()', ' user: \"User(userId=27, username=admin1, password=null, deptId=null, deptName=null, email=admin@qq.com, mobile=12345678901, status=1, createTime=null, modifyTime=Thu Jul 25 16:34:18 CST 2019, lastLoginTime=null, ssex=0, description=null, avatar=null, roleId=1, roleName=null, sortField=null, sortOrder=null, createTimeFrom=null, createTimeTo=null, id=null)\"', '192.168.159.1', '2019-07-25 08:34:18', '');
INSERT INTO `t_log` VALUES ('1863', 'admin', '修改用户', '24', 'com.sunkaisens.ibss.system.controller.UserController.updateUser()', ' user: \"User(userId=27, username=admin1, password=null, deptId=null, deptName=null, email=admin@qq.com, mobile=12345678901, status=1, createTime=null, modifyTime=Thu Jul 25 16:34:57 CST 2019, lastLoginTime=null, ssex=0, description=null, avatar=null, roleId=1, roleName=null, sortField=null, sortOrder=null, createTimeFrom=null, createTimeTo=null, id=null)\"', '192.168.159.1', '2019-07-25 08:34:58', '');
INSERT INTO `t_log` VALUES ('1864', 'admin', '修改用户', '19', 'com.sunkaisens.ibss.system.controller.UserController.updateUser()', ' user: \"User(userId=27, username=admin1, password=null, deptId=null, deptName=null, email=admin@qq.com, mobile=12345678901, status=1, createTime=null, modifyTime=Thu Jul 25 16:35:33 CST 2019, lastLoginTime=null, ssex=0, description=null, avatar=null, roleId=1, roleName=null, sortField=null, sortOrder=null, createTimeFrom=null, createTimeTo=null, id=null)\"', '192.168.159.1', '2019-07-25 08:35:33', '');
INSERT INTO `t_log` VALUES ('1865', 'admin', '修改用户', '35', 'com.sunkaisens.ibss.system.controller.UserController.updateUser()', ' user: \"User(userId=27, username=admin1666, password=null, deptId=null, deptName=null, email=admin@qq.com, mobile=12345678901, status=1, createTime=null, modifyTime=Thu Jul 25 16:39:00 CST 2019, lastLoginTime=null, ssex=0, description=null, avatar=null, roleId=1, roleName=null, sortField=null, sortOrder=null, createTimeFrom=null, createTimeTo=null, id=null)\"', '192.168.159.1', '2019-07-25 08:39:00', '');
INSERT INTO `t_log` VALUES ('1866', 'admin', '修改用户', '22', 'com.sunkaisens.ibss.system.controller.UserController.updateUser()', ' user: \"User(userId=1, username=mrbird, password=null, deptId=1, deptName=开发部, email=mrbird123@hotmail.com, mobile=13455544444, status=1, createTime=Wed Dec 27 23:47:19 CST 2017, modifyTime=Thu Jul 25 16:41:50 CST 2019, lastLoginTime=Wed Jul 24 09:17:32 CST 2019, ssex=0, description=我是帅比作者。, avatar=default.png, roleId=1, roleName=管理员, sortField=null, sortOrder=null, createTimeFrom=null, createTimeTo=null, id=null)\"', '172.16.0.94', '2019-07-25 08:41:50', '');
INSERT INTO `t_log` VALUES ('1867', 'admin', '删除用户', '29', 'com.sunkaisens.ibss.system.controller.UserController.deleteUsers()', ' userIds: \"12\"', '172.16.0.94', '2019-07-25 08:50:19', '');
INSERT INTO `t_log` VALUES ('1868', 'admin', '删除用户', '16', 'com.sunkaisens.ibss.system.controller.UserController.deleteUsers()', ' userIds: \"27\"', '172.16.0.94', '2019-07-25 08:50:31', '');
INSERT INTO `t_log` VALUES ('1869', 'admin', '删除用户', '16', 'com.sunkaisens.ibss.system.controller.UserController.deleteUsers()', ' userIds: \"29\"', '172.16.0.94', '2019-07-25 08:50:47', '');
INSERT INTO `t_log` VALUES ('1870', 'admin', '删除用户', '15', 'com.sunkaisens.ibss.system.controller.UserController.deleteUsers()', ' userIds: \"28\"', '172.16.0.94', '2019-07-25 08:50:57', '');
INSERT INTO `t_log` VALUES ('1871', 'admin', '新增用户', '48', 'com.sunkaisens.ibss.system.controller.UserController.addUser()', ' user: \"User(userId=30, username=32132, password=4329a5625a4f67fef3d82a3bf71e51c8, deptId=null, deptName=, email=11@qq.com, mobile=15230363996, status=1, createTime=Thu Jul 25 17:03:59 CST 2019, modifyTime=null, lastLoginTime=null, ssex=1, description=null, avatar=default.jpg, roleId=2, roleName=null, sortField=null, sortOrder=null, createTimeFrom=null, createTimeTo=null, id=null)\"', '172.16.0.94', '2019-07-25 09:03:59', '');
INSERT INTO `t_log` VALUES ('1872', 'admin', '修改用户', '32', 'com.sunkaisens.ibss.system.controller.UserController.updateUser()', ' user: \"User(userId=27, username=admin1666, password=null, deptId=null, deptName=null, email=admin@qq.com, mobile=12345678901, status=1, createTime=null, modifyTime=Thu Jul 25 17:16:34 CST 2019, lastLoginTime=null, ssex=0, description=null, avatar=null, roleId=1, roleName=null, sortField=null, sortOrder=null, createTimeFrom=null, createTimeTo=null, id=null)\"', '192.168.159.1', '2019-07-25 09:16:34', '');
INSERT INTO `t_log` VALUES ('1873', 'admin', '修改用户', '22', 'com.sunkaisens.ibss.system.controller.UserController.updateUser()', ' user: \"User(userId=30, username=admin1666, password=null, deptId=null, deptName=null, email=admin@qq.com, mobile=12345678901, status=1, createTime=null, modifyTime=Thu Jul 25 17:16:45 CST 2019, lastLoginTime=null, ssex=0, description=null, avatar=null, roleId=1, roleName=null, sortField=null, sortOrder=null, createTimeFrom=null, createTimeTo=null, id=null)\"', '192.168.159.1', '2019-07-25 09:16:45', '');

-- ----------------------------
-- Table structure for t_login_log
-- ----------------------------
DROP TABLE IF EXISTS `t_login_log`;
CREATE TABLE `t_login_log` (
  `username` varchar(100) NOT NULL COMMENT '用户名',
  `login_time` datetime NOT NULL COMMENT '登录时间',
  `location` varchar(255) DEFAULT NULL COMMENT '登录地点',
  `ip` varchar(100) DEFAULT NULL COMMENT 'IP地址'
) ENGINE=InnoDB DEFAULT CHARSET=utf8 ROW_FORMAT=DYNAMIC;

-- ----------------------------
-- Records of t_login_log
-- ----------------------------
INSERT INTO `t_login_log` VALUES ('mrbird', '2019-01-12 03:18:33', '内网IP|0|0|内网IP|内网IP', '127.0.0.1');
INSERT INTO `t_login_log` VALUES ('mrbird', '2019-01-10 03:18:33', '内网IP|0|0|内网IP|内网IP', '127.0.0.1');
INSERT INTO `t_login_log` VALUES ('mrbird', '2019-01-09 03:18:33', '内网IP|0|0|内网IP|内网IP', '127.0.0.1');
INSERT INTO `t_login_log` VALUES ('mrbird', '2019-01-11 03:18:33', '内网IP|0|0|内网IP|内网IP', '127.0.0.1');
INSERT INTO `t_login_log` VALUES ('mrbird', '2019-01-12 04:23:45', '内网IP|0|0|内网IP|内网IP', '127.0.0.1');
INSERT INTO `t_login_log` VALUES ('mrbird', '2019-01-15 03:31:18', '内网IP|0|0|内网IP|内网IP', '127.0.0.1');
INSERT INTO `t_login_log` VALUES ('mrbird', '2019-01-15 03:36:28', '内网IP|0|0|内网IP|内网IP', '127.0.0.1');
INSERT INTO `t_login_log` VALUES ('mrbird', '2019-01-15 06:05:36', '内网IP|0|0|内网IP|内网IP', '127.0.0.1');
INSERT INTO `t_login_log` VALUES ('mrbird', '2019-01-15 08:44:39', '内网IP|0|0|内网IP|内网IP', '127.0.0.1');
INSERT INTO `t_login_log` VALUES ('mrbird', '2019-01-15 09:02:42', '内网IP|0|0|内网IP|内网IP', '127.0.0.1');
INSERT INTO `t_login_log` VALUES ('scott', '2019-01-15 09:24:21', '内网IP|0|0|内网IP|内网IP', '127.0.0.1');
INSERT INTO `t_login_log` VALUES ('scott', '2019-01-15 09:25:16', '内网IP|0|0|内网IP|内网IP', '127.0.0.1');
INSERT INTO `t_login_log` VALUES ('mrbird', '2019-01-15 10:14:20', '内网IP|0|0|内网IP|内网IP', '127.0.0.1');
INSERT INTO `t_login_log` VALUES ('scott', '2019-01-15 10:48:59', '内网IP|0|0|内网IP|内网IP', '127.0.0.1');
INSERT INTO `t_login_log` VALUES ('mrbird', '2019-01-14 11:02:04', '内网IP|0|0|内网IP|内网IP', '127.0.0.1');
INSERT INTO `t_login_log` VALUES ('scott', '2019-01-13 11:02:04', '内网IP|0|0|内网IP|内网IP', '127.0.0.1');
INSERT INTO `t_login_log` VALUES ('mrbird', '2019-01-15 11:02:04', '内网IP|0|0|内网IP|内网IP', '127.0.0.1');
INSERT INTO `t_login_log` VALUES ('mrbird', '2019-01-16 01:20:24', '内网IP|0|0|内网IP|内网IP', '127.0.0.1');
INSERT INTO `t_login_log` VALUES ('mrbird', '2019-01-16 02:25:47', '内网IP|0|0|内网IP|内网IP', '127.0.0.1');
INSERT INTO `t_login_log` VALUES ('mrbird', '2019-01-16 03:25:11', '内网IP|0|0|内网IP|内网IP', '127.0.0.1');
INSERT INTO `t_login_log` VALUES ('mrbird', '2019-01-16 03:44:23', '内网IP|0|0|内网IP|内网IP', '127.0.0.1');
INSERT INTO `t_login_log` VALUES ('mrbird', '2019-01-16 05:44:05', '内网IP|0|0|内网IP|内网IP', '127.0.0.1');
INSERT INTO `t_login_log` VALUES ('mrbird', '2019-01-16 05:51:12', '内网IP|0|0|内网IP|内网IP', '127.0.0.1');
INSERT INTO `t_login_log` VALUES ('scott', '2019-01-16 05:51:21', '内网IP|0|0|内网IP|内网IP', '127.0.0.1');
INSERT INTO `t_login_log` VALUES ('mrbird', '2019-01-16 05:54:03', '内网IP|0|0|内网IP|内网IP', '127.0.0.1');
INSERT INTO `t_login_log` VALUES ('mrbird', '2019-01-16 06:18:57', '内网IP|0|0|内网IP|内网IP', '127.0.0.1');
INSERT INTO `t_login_log` VALUES ('mrbird', '2019-01-16 06:31:19', '内网IP|0|0|内网IP|内网IP', '127.0.0.1');
INSERT INTO `t_login_log` VALUES ('mrbird', '2019-01-16 07:32:02', '内网IP|0|0|内网IP|内网IP', '127.0.0.1');
INSERT INTO `t_login_log` VALUES ('mrbird', '2019-01-17 01:10:42', '内网IP|0|0|内网IP|内网IP', '127.0.0.1');
INSERT INTO `t_login_log` VALUES ('mrbird', '2019-01-17 02:21:12', '内网IP|0|0|内网IP|内网IP', '127.0.0.1');
INSERT INTO `t_login_log` VALUES ('mrbird', '2019-01-17 06:07:00', '内网IP|0|0|内网IP|内网IP', '127.0.0.1');
INSERT INTO `t_login_log` VALUES ('mrbird', '2019-01-17 06:45:24', '内网IP|0|0|内网IP|内网IP', '127.0.0.1');
INSERT INTO `t_login_log` VALUES ('mrbird', '2019-01-17 06:46:40', '内网IP|0|0|内网IP|内网IP', '127.0.0.1');
INSERT INTO `t_login_log` VALUES ('mrbird', '2019-01-17 06:54:23', '内网IP|0|0|内网IP|内网IP', '127.0.0.1');
INSERT INTO `t_login_log` VALUES ('mrbird', '2019-01-17 06:54:53', '内网IP|0|0|内网IP|内网IP', '127.0.0.1');
INSERT INTO `t_login_log` VALUES ('mrbird', '2019-01-17 06:55:38', '内网IP|0|0|内网IP|内网IP', '127.0.0.1');
INSERT INTO `t_login_log` VALUES ('mrbird', '2019-01-17 07:38:37', '内网IP|0|0|内网IP|内网IP', '127.0.0.1');
INSERT INTO `t_login_log` VALUES ('mrbird', '2019-01-17 07:39:14', '内网IP|0|0|内网IP|内网IP', '127.0.0.1');
INSERT INTO `t_login_log` VALUES ('mrbird', '2019-01-17 07:40:48', '内网IP|0|0|内网IP|内网IP', '127.0.0.1');
INSERT INTO `t_login_log` VALUES ('mrbird', '2019-01-17 07:41:41', '内网IP|0|0|内网IP|内网IP', '127.0.0.1');
INSERT INTO `t_login_log` VALUES ('scott', '2019-01-17 07:42:53', '内网IP|0|0|内网IP|内网IP', '127.0.0.1');
INSERT INTO `t_login_log` VALUES ('scott', '2019-01-17 07:43:39', '内网IP|0|0|内网IP|内网IP', '127.0.0.1');
INSERT INTO `t_login_log` VALUES ('mrbird', '2019-01-17 08:13:29', '内网IP|0|0|内网IP|内网IP', '127.0.0.1');
INSERT INTO `t_login_log` VALUES ('mrbird', '2019-01-17 08:39:56', '内网IP|0|0|内网IP|内网IP', '127.0.0.1');
INSERT INTO `t_login_log` VALUES ('mrbird', '2019-01-17 09:26:19', '内网IP|0|0|内网IP|内网IP', '127.0.0.1');
INSERT INTO `t_login_log` VALUES ('mrbird', '2019-01-17 09:26:58', '内网IP|0|0|内网IP|内网IP', '127.0.0.1');
INSERT INTO `t_login_log` VALUES ('mrbird', '2019-01-17 09:30:15', '内网IP|0|0|内网IP|内网IP', '127.0.0.1');
INSERT INTO `t_login_log` VALUES ('mrbirdd', '2019-01-17 10:31:40', '内网IP|0|0|内网IP|内网IP', '127.0.0.1');
INSERT INTO `t_login_log` VALUES ('jack', '2019-01-17 10:41:14', '内网IP|0|0|内网IP|内网IP', '127.0.0.1');
INSERT INTO `t_login_log` VALUES ('abcd', '2019-01-17 10:47:48', '内网IP|0|0|内网IP|内网IP', '127.0.0.1');
INSERT INTO `t_login_log` VALUES ('abcd', '2019-01-17 10:48:06', '内网IP|0|0|内网IP|内网IP', '127.0.0.1');
INSERT INTO `t_login_log` VALUES ('abcd', '2019-01-17 10:48:44', '内网IP|0|0|内网IP|内网IP', '127.0.0.1');
INSERT INTO `t_login_log` VALUES ('abcd', '2019-01-17 10:51:35', '内网IP|0|0|内网IP|内网IP', '127.0.0.1');
INSERT INTO `t_login_log` VALUES ('wuyouzhugu', '2019-01-17 10:54:56', '内网IP|0|0|内网IP|内网IP', '127.0.0.1');
INSERT INTO `t_login_log` VALUES ('mrbird', '2019-01-17 10:56:53', '内网IP|0|0|内网IP|内网IP', '127.0.0.1');
INSERT INTO `t_login_log` VALUES ('mrbird', '2019-01-17 10:59:15', '内网IP|0|0|内网IP|内网IP', '127.0.0.1');
INSERT INTO `t_login_log` VALUES ('mrbird', '2019-01-17 10:59:53', '内网IP|0|0|内网IP|内网IP', '127.0.0.1');
INSERT INTO `t_login_log` VALUES ('mrbird', '2019-01-17 11:01:54', '内网IP|0|0|内网IP|内网IP', '127.0.0.1');
INSERT INTO `t_login_log` VALUES ('mrbird', '2019-01-17 11:08:43', '内网IP|0|0|内网IP|内网IP', '127.0.0.1');
INSERT INTO `t_login_log` VALUES ('mrbird', '2019-01-17 11:12:55', '内网IP|0|0|内网IP|内网IP', '127.0.0.1');
INSERT INTO `t_login_log` VALUES ('mrbird', '2019-01-17 11:13:21', '内网IP|0|0|内网IP|内网IP', '127.0.0.1');
INSERT INTO `t_login_log` VALUES ('mrbird', '2019-01-18 00:56:15', '内网IP|0|0|内网IP|内网IP', '127.0.0.1');
INSERT INTO `t_login_log` VALUES ('mrbird', '2019-01-18 01:21:54', '内网IP|0|0|内网IP|内网IP', '127.0.0.1');
INSERT INTO `t_login_log` VALUES ('mrbird', '2019-01-18 01:33:06', '内网IP|0|0|内网IP|内网IP', '127.0.0.1');
INSERT INTO `t_login_log` VALUES ('mrbird', '2019-01-18 02:03:32', '内网IP|0|0|内网IP|内网IP', '127.0.0.1');
INSERT INTO `t_login_log` VALUES ('mrbird', '2019-01-18 02:27:12', '内网IP|0|0|内网IP|内网IP', '127.0.0.1');
INSERT INTO `t_login_log` VALUES ('mrbird', '2019-01-18 02:36:26', '内网IP|0|0|内网IP|内网IP', '127.0.0.1');
INSERT INTO `t_login_log` VALUES ('mrbird', '2019-01-18 02:41:49', '内网IP|0|0|内网IP|内网IP', '127.0.0.1');
INSERT INTO `t_login_log` VALUES ('mrbird', '2019-01-18 02:53:12', '内网IP|0|0|内网IP|内网IP', '127.0.0.1');
INSERT INTO `t_login_log` VALUES ('mrbird', '2019-01-18 02:56:00', '内网IP|0|0|内网IP|内网IP', '127.0.0.1');
INSERT INTO `t_login_log` VALUES ('mrbird', '2019-01-18 03:00:35', '内网IP|0|0|内网IP|内网IP', '127.0.0.1');
INSERT INTO `t_login_log` VALUES ('mrbird', '2019-01-18 05:36:02', '内网IP|0|0|内网IP|内网IP', '127.0.0.1');
INSERT INTO `t_login_log` VALUES ('mrbird', '2019-01-18 05:57:39', '内网IP|0|0|内网IP|内网IP', '127.0.0.1');
INSERT INTO `t_login_log` VALUES ('mrbird', '2019-01-18 06:50:27', '内网IP|0|0|内网IP|内网IP', '127.0.0.1');
INSERT INTO `t_login_log` VALUES ('mrbird', '2019-01-18 07:09:37', '内网IP|0|0|内网IP|内网IP', '127.0.0.1');
INSERT INTO `t_login_log` VALUES ('mrbird', '2019-01-18 08:57:02', '内网IP|0|0|内网IP|内网IP', '127.0.0.1');
INSERT INTO `t_login_log` VALUES ('mrbird', '2019-01-18 09:00:06', '内网IP|0|0|内网IP|内网IP', '127.0.0.1');
INSERT INTO `t_login_log` VALUES ('mrbird', '2019-01-19 01:13:17', '内网IP|0|0|内网IP|内网IP', '127.0.0.1');
INSERT INTO `t_login_log` VALUES ('mrbird', '2019-01-19 01:14:42', '内网IP|0|0|内网IP|内网IP', '127.0.0.1');
INSERT INTO `t_login_log` VALUES ('mrbird', '2019-01-19 01:50:38', '内网IP|0|0|内网IP|内网IP', '127.0.0.1');
INSERT INTO `t_login_log` VALUES ('mrbird', '2019-01-19 02:05:44', '内网IP|0|0|内网IP|内网IP', '127.0.0.1');
INSERT INTO `t_login_log` VALUES ('mrbird', '2019-01-19 02:06:52', '内网IP|0|0|内网IP|内网IP', '127.0.0.1');
INSERT INTO `t_login_log` VALUES ('mrbird', '2019-01-19 02:11:47', '内网IP|0|0|内网IP|内网IP', '127.0.0.1');
INSERT INTO `t_login_log` VALUES ('mrbird', '2019-01-19 02:12:13', '内网IP|0|0|内网IP|内网IP', '127.0.0.1');
INSERT INTO `t_login_log` VALUES ('mrbird', '2019-01-19 02:12:27', '内网IP|0|0|内网IP|内网IP', '127.0.0.1');
INSERT INTO `t_login_log` VALUES ('mrbird', '2019-01-19 02:33:21', '内网IP|0|0|内网IP|内网IP', '127.0.0.1');
INSERT INTO `t_login_log` VALUES ('mrbird', '2019-01-19 02:40:19', '内网IP|0|0|内网IP|内网IP', '127.0.0.1');
INSERT INTO `t_login_log` VALUES ('mrbird', '2019-01-21 03:05:20', '内网IP|0|0|内网IP|内网IP', '127.0.0.1');
INSERT INTO `t_login_log` VALUES ('mrbird', '2019-01-21 03:16:03', '内网IP|0|0|内网IP|内网IP', '127.0.0.1');
INSERT INTO `t_login_log` VALUES ('mrbird', '2019-01-21 05:43:32', '内网IP|0|0|内网IP|内网IP', '127.0.0.1');
INSERT INTO `t_login_log` VALUES ('mrbird', '2019-01-21 05:44:20', '内网IP|0|0|内网IP|内网IP', '127.0.0.1');
INSERT INTO `t_login_log` VALUES ('mrbird', '2019-01-21 06:47:04', '内网IP|0|0|内网IP|内网IP', '127.0.0.1');
INSERT INTO `t_login_log` VALUES ('mrbird', '2019-01-21 06:49:51', '内网IP|0|0|内网IP|内网IP', '127.0.0.1');
INSERT INTO `t_login_log` VALUES ('mrbird', '2019-01-21 07:48:30', '内网IP|0|0|内网IP|内网IP', '127.0.0.1');
INSERT INTO `t_login_log` VALUES ('mrbird', '2019-01-21 07:50:34', '内网IP|0|0|内网IP|内网IP', '127.0.0.1');
INSERT INTO `t_login_log` VALUES ('mrbird', '2019-01-21 07:55:22', '内网IP|0|0|内网IP|内网IP', '127.0.0.1');
INSERT INTO `t_login_log` VALUES ('mrbird', '2019-01-21 07:57:39', '内网IP|0|0|内网IP|内网IP', '127.0.0.1');
INSERT INTO `t_login_log` VALUES ('mrbird', '2019-01-21 08:35:07', '内网IP|0|0|内网IP|内网IP', '127.0.0.1');
INSERT INTO `t_login_log` VALUES ('mrbird', '2019-01-21 08:58:37', '内网IP|0|0|内网IP|内网IP', '127.0.0.1');
INSERT INTO `t_login_log` VALUES ('mrbird', '2019-01-21 11:05:26', '内网IP|0|0|内网IP|内网IP', '127.0.0.1');
INSERT INTO `t_login_log` VALUES ('mrbird', '2019-01-22 00:47:44', '内网IP|0|0|内网IP|内网IP', '127.0.0.1');
INSERT INTO `t_login_log` VALUES ('mrbird', '2019-01-22 01:02:23', '内网IP|0|0|内网IP|内网IP', '127.0.0.1');
INSERT INTO `t_login_log` VALUES ('mrbird', '2019-01-22 01:38:19', '内网IP|0|0|内网IP|内网IP', '127.0.0.1');
INSERT INTO `t_login_log` VALUES ('mrbird', '2019-01-22 02:39:18', '内网IP|0|0|内网IP|内网IP', '127.0.0.1');
INSERT INTO `t_login_log` VALUES ('mrbird', '2019-01-22 05:39:47', '内网IP|0|0|内网IP|内网IP', '127.0.0.1');
INSERT INTO `t_login_log` VALUES ('mrbird', '2019-01-22 05:44:25', '内网IP|0|0|内网IP|内网IP', '127.0.0.1');
INSERT INTO `t_login_log` VALUES ('mrbird', '2019-01-22 06:04:18', '内网IP|0|0|内网IP|内网IP', '127.0.0.1');
INSERT INTO `t_login_log` VALUES ('mrbird', '2019-01-22 06:04:34', '内网IP|0|0|内网IP|内网IP', '127.0.0.1');
INSERT INTO `t_login_log` VALUES ('mrbird', '2019-01-22 06:13:00', '内网IP|0|0|内网IP|内网IP', '127.0.0.1');
INSERT INTO `t_login_log` VALUES ('mrbird', '2019-01-22 06:13:17', '内网IP|0|0|内网IP|内网IP', '127.0.0.1');
INSERT INTO `t_login_log` VALUES ('scott', '2019-01-22 06:13:43', '内网IP|0|0|内网IP|内网IP', '127.0.0.1');
INSERT INTO `t_login_log` VALUES ('scott', '2019-01-22 06:14:41', '内网IP|0|0|内网IP|内网IP', '127.0.0.1');
INSERT INTO `t_login_log` VALUES ('scott', '2019-01-22 06:15:10', '内网IP|0|0|内网IP|内网IP', '127.0.0.1');
INSERT INTO `t_login_log` VALUES ('hello', '2019-01-22 06:15:48', '内网IP|0|0|内网IP|内网IP', '127.0.0.1');
INSERT INTO `t_login_log` VALUES ('hello', '2019-01-22 06:17:19', '内网IP|0|0|内网IP|内网IP', '127.0.0.1');
INSERT INTO `t_login_log` VALUES ('hello', '2019-01-22 06:18:39', '内网IP|0|0|内网IP|内网IP', '127.0.0.1');
INSERT INTO `t_login_log` VALUES ('mrbird', '2019-01-22 06:19:03', '内网IP|0|0|内网IP|内网IP', '127.0.0.1');
INSERT INTO `t_login_log` VALUES ('mrbird', '2019-01-22 06:20:48', '内网IP|0|0|内网IP|内网IP', '127.0.0.1');
INSERT INTO `t_login_log` VALUES ('mrbird', '2019-01-22 07:04:26', '内网IP|0|0|内网IP|内网IP', '127.0.0.1');
INSERT INTO `t_login_log` VALUES ('mrbird', '2019-01-22 07:06:07', '内网IP|0|0|内网IP|内网IP', '127.0.0.1');
INSERT INTO `t_login_log` VALUES ('mrbird', '2019-01-22 07:06:57', '内网IP|0|0|内网IP|内网IP', '127.0.0.1');
INSERT INTO `t_login_log` VALUES ('mrbird', '2019-01-22 08:37:28', '内网IP|0|0|内网IP|内网IP', '127.0.0.1');
INSERT INTO `t_login_log` VALUES ('mrbird', '2019-01-22 10:29:50', '内网IP|0|0|内网IP|内网IP', '127.0.0.1');
INSERT INTO `t_login_log` VALUES ('mrbird', '2019-01-23 00:50:47', '内网IP|0|0|内网IP|内网IP', '127.0.0.1');
INSERT INTO `t_login_log` VALUES ('mrbird', '2019-01-23 01:51:42', '内网IP|0|0|内网IP|内网IP', '127.0.0.1');
INSERT INTO `t_login_log` VALUES ('mrbird', '2019-01-23 02:58:49', '内网IP|0|0|内网IP|内网IP', '127.0.0.1');
INSERT INTO `t_login_log` VALUES ('mrbird', '2019-01-23 06:11:14', '内网IP|0|0|内网IP|内网IP', '127.0.0.1');
INSERT INTO `t_login_log` VALUES ('scott', '2019-01-23 06:46:30', '内网IP|0|0|内网IP|内网IP', '127.0.0.1');
INSERT INTO `t_login_log` VALUES ('mrbird', '2019-01-23 06:48:25', '内网IP|0|0|内网IP|内网IP', '127.0.0.1');
INSERT INTO `t_login_log` VALUES ('scott', '2019-01-23 06:51:20', '内网IP|0|0|内网IP|内网IP', '127.0.0.1');
INSERT INTO `t_login_log` VALUES ('mrbird', '2019-01-23 07:30:25', '内网IP|0|0|内网IP|内网IP', '127.0.0.1');
INSERT INTO `t_login_log` VALUES ('scott', '2019-01-23 07:34:28', '内网IP|0|0|内网IP|内网IP', '127.0.0.1');
INSERT INTO `t_login_log` VALUES ('jack', '2019-01-23 07:35:56', '内网IP|0|0|内网IP|内网IP', '127.0.0.1');
INSERT INTO `t_login_log` VALUES ('mrbird', '2019-01-23 07:36:46', '内网IP|0|0|内网IP|内网IP', '127.0.0.1');
INSERT INTO `t_login_log` VALUES ('mrbird', '2019-01-24 01:30:13', '中国|华东|福建省|福州市|联通', '218.104.237.213');
INSERT INTO `t_login_log` VALUES ('mrbird', '2019-01-24 01:42:03', '中国|华东|福建省|福州市|联通', '218.104.237.213');
INSERT INTO `t_login_log` VALUES ('mrbird', '2019-01-24 01:48:10', '中国|华东|福建省|福州市|联通', '218.104.237.213');
INSERT INTO `t_login_log` VALUES ('mrbird', '2019-01-24 01:50:12', '中国|华东|福建省|福州市|联通', '218.104.237.213');
INSERT INTO `t_login_log` VALUES ('mrbird', '2019-01-24 01:50:28', '中国|华东|福建省|福州市|联通', '218.104.237.213');
INSERT INTO `t_login_log` VALUES ('mrbird', '2019-01-24 02:57:48', '中国|华东|福建省|福州市|联通', '218.104.237.213');
INSERT INTO `t_login_log` VALUES ('mrbird', '2019-01-24 03:02:53', '中国|华东|福建省|福州市|联通', '218.104.237.213');
INSERT INTO `t_login_log` VALUES ('scott', '2019-01-24 03:14:51', '中国|华东|福建省|厦门市|电信', '120.36.172.239');
INSERT INTO `t_login_log` VALUES ('mrbird', '2019-01-24 03:41:10', '中国|华东|福建省|福州市|联通', '218.104.237.213');
INSERT INTO `t_login_log` VALUES ('mrbird', '2019-01-24 05:38:30', '中国|华东|福建省|福州市|联通', '218.104.237.213');
INSERT INTO `t_login_log` VALUES ('mrbird', '2019-01-24 08:50:44', '中国|华东|福建省|福州市|联通', '218.104.237.213');
INSERT INTO `t_login_log` VALUES ('jack', '2019-01-24 08:52:03', '中国|华东|福建省|福州市|联通', '218.104.237.213');
INSERT INTO `t_login_log` VALUES ('scott', '2019-01-24 08:52:31', '中国|华东|福建省|福州市|联通', '218.104.237.213');
INSERT INTO `t_login_log` VALUES ('mrbird', '2019-01-24 11:12:33', '中国|华东|福建省|福州市|联通', '218.104.237.213');
INSERT INTO `t_login_log` VALUES ('scott', '2019-01-24 11:24:04', '中国|华东|福建省|福州市|联通', '218.104.237.213');
INSERT INTO `t_login_log` VALUES ('mrbird', '2019-01-24 11:47:56', '中国|华东|福建省|福州市|电信', '27.155.195.27');
INSERT INTO `t_login_log` VALUES ('scott', '2019-01-24 11:48:28', '中国|华东|福建省|福州市|电信', '27.155.195.27');
INSERT INTO `t_login_log` VALUES ('mrbird', '2019-01-28 01:53:06', '中国|华东|福建省|福州市|联通', '218.104.237.213');
INSERT INTO `t_login_log` VALUES ('mrbird', '2019-01-28 01:53:58', '中国|华东|福建省|福州市|联通', '218.104.237.213');
INSERT INTO `t_login_log` VALUES ('scott', '2019-01-28 01:54:09', '中国|华东|福建省|福州市|联通', '218.104.237.213');
INSERT INTO `t_login_log` VALUES ('mrbird', '2019-04-29 07:02:35', '', '127.0.0.1');
INSERT INTO `t_login_log` VALUES ('admin', '2019-06-24 03:02:26', '', '127.0.0.1');
INSERT INTO `t_login_log` VALUES ('admin', '2019-06-24 03:02:43', '', '127.0.0.1');
INSERT INTO `t_login_log` VALUES ('mrbird', '2019-06-24 03:03:38', '', '127.0.0.1');
INSERT INTO `t_login_log` VALUES ('mrbird', '2019-06-24 10:15:18', '', '127.0.0.1');
INSERT INTO `t_login_log` VALUES ('admin', '2019-06-25 09:03:31', '', '127.0.0.1');
INSERT INTO `t_login_log` VALUES ('admin', '2019-06-25 09:04:03', '', '127.0.0.1');
INSERT INTO `t_login_log` VALUES ('mrbird', '2019-06-25 09:04:26', '', '127.0.0.1');
INSERT INTO `t_login_log` VALUES ('mrbird', '2019-06-25 09:08:17', '', '127.0.0.1');
INSERT INTO `t_login_log` VALUES ('mrbird', '2019-06-25 10:30:28', '', '127.0.0.1');
INSERT INTO `t_login_log` VALUES ('admin', '2019-06-25 10:31:31', '', '127.0.0.1');
INSERT INTO `t_login_log` VALUES ('admin', '2019-06-25 10:31:36', '', '127.0.0.1');
INSERT INTO `t_login_log` VALUES ('admin', '2019-06-25 10:31:39', '', '127.0.0.1');
INSERT INTO `t_login_log` VALUES ('mrbird', '2019-06-25 10:31:47', '', '127.0.0.1');
INSERT INTO `t_login_log` VALUES ('mrbird', '2019-06-25 10:33:07', '', '127.0.0.1');
INSERT INTO `t_login_log` VALUES ('mrbird', '2019-06-27 17:19:09', '', '127.0.0.1');
INSERT INTO `t_login_log` VALUES ('mrbird', '2019-06-28 00:49:44', '', '127.0.0.1');
INSERT INTO `t_login_log` VALUES ('mrbird', '2019-07-01 08:29:59', '', '127.0.0.1');
INSERT INTO `t_login_log` VALUES ('mrbird', '2019-07-03 04:55:06', '', '127.0.0.1');
INSERT INTO `t_login_log` VALUES ('mrbird', '2019-07-03 06:19:44', '', '127.0.0.1');
INSERT INTO `t_login_log` VALUES ('mrbird', '2019-07-04 00:59:29', '', '127.0.0.1');
INSERT INTO `t_login_log` VALUES ('mrbird', '2019-07-04 02:26:59', '', '127.0.0.1');
INSERT INTO `t_login_log` VALUES ('mrbird', '2019-07-04 07:57:13', '', '127.0.0.1');
INSERT INTO `t_login_log` VALUES ('mrbird', '2019-07-04 09:12:35', '', '127.0.0.1');
INSERT INTO `t_login_log` VALUES ('mrbird', '2019-07-05 01:36:02', '', '127.0.0.1');
INSERT INTO `t_login_log` VALUES ('mrbird', '2019-07-05 03:35:37', '', '127.0.0.1');
INSERT INTO `t_login_log` VALUES ('admin', '2019-07-11 11:28:21', '', '127.0.0.1');
INSERT INTO `t_login_log` VALUES ('admin', '2019-07-11 11:30:32', '', '127.0.0.1');
INSERT INTO `t_login_log` VALUES ('admin', '2019-07-12 00:54:49', '', '127.0.0.1');
INSERT INTO `t_login_log` VALUES ('admin', '2019-07-12 02:39:24', '', '127.0.0.1');
INSERT INTO `t_login_log` VALUES ('admin', '2019-07-12 03:25:45', '', '127.0.0.1');
INSERT INTO `t_login_log` VALUES ('admin', '2019-07-12 06:00:36', '', '127.0.0.1');
INSERT INTO `t_login_log` VALUES ('admin', '2019-07-12 06:08:37', '', '127.0.0.1');
INSERT INTO `t_login_log` VALUES ('admin', '2019-07-12 08:39:27', '', '127.0.0.1');
INSERT INTO `t_login_log` VALUES ('mrbird', '2019-07-12 08:52:00', '', '127.0.0.1');
INSERT INTO `t_login_log` VALUES ('admin', '2019-07-12 09:26:51', '', '127.0.0.1');
INSERT INTO `t_login_log` VALUES ('admin', '2019-07-15 02:31:43', '', '127.0.0.1');
INSERT INTO `t_login_log` VALUES ('admin', '2019-07-15 02:38:07', '', '127.0.0.1');
INSERT INTO `t_login_log` VALUES ('mrbird', '2019-07-15 02:41:16', '', '127.0.0.1');
INSERT INTO `t_login_log` VALUES ('admin', '2019-07-16 01:36:11', '', '127.0.0.1');
INSERT INTO `t_login_log` VALUES ('admin', '2019-07-16 02:01:32', '', '127.0.0.1');
INSERT INTO `t_login_log` VALUES ('admin', '2019-07-16 02:01:34', '', '127.0.0.1');
INSERT INTO `t_login_log` VALUES ('admin', '2019-07-16 02:02:11', '', '127.0.0.1');
INSERT INTO `t_login_log` VALUES ('admin', '2019-07-16 02:06:13', '', '127.0.0.1');
INSERT INTO `t_login_log` VALUES ('admin', '2019-07-16 02:09:59', '', '127.0.0.1');
INSERT INTO `t_login_log` VALUES ('admin', '2019-07-16 02:14:29', '', '127.0.0.1');
INSERT INTO `t_login_log` VALUES ('admin', '2019-07-16 02:15:30', '', '127.0.0.1');
INSERT INTO `t_login_log` VALUES ('admin', '2019-07-16 03:10:41', '', '127.0.0.1');
INSERT INTO `t_login_log` VALUES ('admin', '2019-07-16 03:11:04', '', '127.0.0.1');
INSERT INTO `t_login_log` VALUES ('admin', '2019-07-16 03:17:57', '', '127.0.0.1');
INSERT INTO `t_login_log` VALUES ('admin', '2019-07-16 03:18:19', '', '127.0.0.1');
INSERT INTO `t_login_log` VALUES ('admin', '2019-07-16 03:20:07', '', '127.0.0.1');
INSERT INTO `t_login_log` VALUES ('admin', '2019-07-16 03:21:32', '', '127.0.0.1');
INSERT INTO `t_login_log` VALUES ('admin', '2019-07-16 03:30:46', '', '127.0.0.1');
INSERT INTO `t_login_log` VALUES ('admin', '2019-07-16 03:32:05', '', '127.0.0.1');
INSERT INTO `t_login_log` VALUES ('admin', '2019-07-16 03:32:33', '', '127.0.0.1');
INSERT INTO `t_login_log` VALUES ('admin', '2019-07-16 03:48:21', '', '127.0.0.1');
INSERT INTO `t_login_log` VALUES ('admin', '2019-07-16 03:58:59', '', '127.0.0.1');
INSERT INTO `t_login_log` VALUES ('admin', '2019-07-16 07:00:22', '', '127.0.0.1');
INSERT INTO `t_login_log` VALUES ('admin', '2019-07-16 07:03:02', '', '127.0.0.1');
INSERT INTO `t_login_log` VALUES ('admin', '2019-07-16 07:08:12', '', '127.0.0.1');
INSERT INTO `t_login_log` VALUES ('admin', '2019-07-16 07:09:45', '', '127.0.0.1');
INSERT INTO `t_login_log` VALUES ('admin', '2019-07-16 07:11:21', '', '127.0.0.1');
INSERT INTO `t_login_log` VALUES ('admin', '2019-07-16 07:17:08', '', '127.0.0.1');
INSERT INTO `t_login_log` VALUES ('admin', '2019-07-16 07:17:40', '', '127.0.0.1');
INSERT INTO `t_login_log` VALUES ('admin', '2019-07-16 07:27:12', '', '127.0.0.1');
INSERT INTO `t_login_log` VALUES ('admin', '2019-07-16 07:27:24', '', '127.0.0.1');
INSERT INTO `t_login_log` VALUES ('admin', '2019-07-16 07:28:20', '', '127.0.0.1');
INSERT INTO `t_login_log` VALUES ('admin', '2019-07-16 07:28:40', '', '127.0.0.1');
INSERT INTO `t_login_log` VALUES ('admin', '2019-07-16 07:30:31', '', '127.0.0.1');
INSERT INTO `t_login_log` VALUES ('admin', '2019-07-16 07:30:47', '', '127.0.0.1');
INSERT INTO `t_login_log` VALUES ('admin', '2019-07-16 07:30:56', '', '127.0.0.1');
INSERT INTO `t_login_log` VALUES ('admin', '2019-07-16 07:35:39', '', '127.0.0.1');
INSERT INTO `t_login_log` VALUES ('admin', '2019-07-16 07:35:56', '', '127.0.0.1');
INSERT INTO `t_login_log` VALUES ('admin', '2019-07-16 07:35:57', '', '127.0.0.1');
INSERT INTO `t_login_log` VALUES ('admin', '2019-07-16 07:37:21', '', '127.0.0.1');
INSERT INTO `t_login_log` VALUES ('admin', '2019-07-16 08:06:44', '', '127.0.0.1');
INSERT INTO `t_login_log` VALUES ('admin', '2019-07-16 08:09:12', '', '127.0.0.1');
INSERT INTO `t_login_log` VALUES ('admin', '2019-07-16 08:10:43', '', '127.0.0.1');
INSERT INTO `t_login_log` VALUES ('admin', '2019-07-16 08:10:58', '', '127.0.0.1');
INSERT INTO `t_login_log` VALUES ('admin', '2019-07-16 08:12:02', '', '127.0.0.1');
INSERT INTO `t_login_log` VALUES ('admin', '2019-07-16 08:49:40', '', '127.0.0.1');
INSERT INTO `t_login_log` VALUES ('admin', '2019-07-16 08:51:43', '', '127.0.0.1');
INSERT INTO `t_login_log` VALUES ('admin', '2019-07-16 08:54:39', '', '127.0.0.1');
INSERT INTO `t_login_log` VALUES ('admin', '2019-07-16 08:59:13', '', '127.0.0.1');
INSERT INTO `t_login_log` VALUES ('admin', '2019-07-16 08:59:58', '', '127.0.0.1');
INSERT INTO `t_login_log` VALUES ('admin', '2019-07-16 09:02:39', '', '127.0.0.1');
INSERT INTO `t_login_log` VALUES ('admin', '2019-07-16 09:03:47', '', '127.0.0.1');
INSERT INTO `t_login_log` VALUES ('admin', '2019-07-16 09:04:32', '', '127.0.0.1');
INSERT INTO `t_login_log` VALUES ('admin', '2019-07-16 09:07:52', '', '127.0.0.1');
INSERT INTO `t_login_log` VALUES ('admin', '2019-07-16 09:10:16', '', '127.0.0.1');
INSERT INTO `t_login_log` VALUES ('admin', '2019-07-16 09:10:48', '', '127.0.0.1');
INSERT INTO `t_login_log` VALUES ('admin', '2019-07-16 09:11:17', '', '127.0.0.1');
INSERT INTO `t_login_log` VALUES ('admin', '2019-07-16 09:16:17', '', '127.0.0.1');
INSERT INTO `t_login_log` VALUES ('admin', '2019-07-16 09:18:39', '', '127.0.0.1');
INSERT INTO `t_login_log` VALUES ('admin', '2019-07-16 09:20:44', '', '127.0.0.1');
INSERT INTO `t_login_log` VALUES ('admin', '2019-07-16 09:22:04', '', '127.0.0.1');
INSERT INTO `t_login_log` VALUES ('admin', '2019-07-16 09:24:55', '', '127.0.0.1');
INSERT INTO `t_login_log` VALUES ('admin', '2019-07-16 09:25:37', '', '127.0.0.1');
INSERT INTO `t_login_log` VALUES ('admin', '2019-07-16 09:30:22', '', '127.0.0.1');
INSERT INTO `t_login_log` VALUES ('admin', '2019-07-16 09:33:54', '', '127.0.0.1');
INSERT INTO `t_login_log` VALUES ('admin', '2019-07-16 09:34:30', '', '127.0.0.1');
INSERT INTO `t_login_log` VALUES ('admin', '2019-07-16 09:35:50', '', '127.0.0.1');
INSERT INTO `t_login_log` VALUES ('admin', '2019-07-16 09:39:04', '', '127.0.0.1');
INSERT INTO `t_login_log` VALUES ('admin', '2019-07-16 09:42:37', '', '127.0.0.1');
INSERT INTO `t_login_log` VALUES ('admin', '2019-07-16 09:45:04', '', '127.0.0.1');
INSERT INTO `t_login_log` VALUES ('admin', '2019-07-16 09:45:29', '', '127.0.0.1');
INSERT INTO `t_login_log` VALUES ('admin', '2019-07-16 09:45:54', '', '127.0.0.1');
INSERT INTO `t_login_log` VALUES ('admin', '2019-07-16 09:47:58', '', '127.0.0.1');
INSERT INTO `t_login_log` VALUES ('admin', '2019-07-16 09:50:01', '', '127.0.0.1');
INSERT INTO `t_login_log` VALUES ('admin', '2019-07-16 09:51:34', '', '127.0.0.1');
INSERT INTO `t_login_log` VALUES ('admin', '2019-07-16 09:52:02', '', '127.0.0.1');
INSERT INTO `t_login_log` VALUES ('admin', '2019-07-16 09:52:23', '', '127.0.0.1');
INSERT INTO `t_login_log` VALUES ('admin', '2019-07-16 09:55:24', '', '127.0.0.1');
INSERT INTO `t_login_log` VALUES ('admin', '2019-07-16 09:56:31', '', '127.0.0.1');
INSERT INTO `t_login_log` VALUES ('admin', '2019-07-16 09:58:05', '', '127.0.0.1');
INSERT INTO `t_login_log` VALUES ('admin', '2019-07-16 10:00:02', '', '127.0.0.1');
INSERT INTO `t_login_log` VALUES ('admin', '2019-07-16 10:02:43', '', '127.0.0.1');
INSERT INTO `t_login_log` VALUES ('admin', '2019-07-16 10:04:27', '', '127.0.0.1');
INSERT INTO `t_login_log` VALUES ('admin', '2019-07-16 10:17:44', '', '127.0.0.1');
INSERT INTO `t_login_log` VALUES ('admin', '2019-07-16 10:18:07', '', '127.0.0.1');
INSERT INTO `t_login_log` VALUES ('admin', '2019-07-16 10:20:15', '', '127.0.0.1');
INSERT INTO `t_login_log` VALUES ('admin', '2019-07-16 10:21:37', '', '127.0.0.1');
INSERT INTO `t_login_log` VALUES ('admin', '2019-07-16 10:22:45', '', '127.0.0.1');
INSERT INTO `t_login_log` VALUES ('admin', '2019-07-16 10:24:22', '', '127.0.0.1');
INSERT INTO `t_login_log` VALUES ('admin', '2019-07-16 10:25:14', '', '127.0.0.1');
INSERT INTO `t_login_log` VALUES ('admin', '2019-07-16 10:26:21', '', '127.0.0.1');
INSERT INTO `t_login_log` VALUES ('admin', '2019-07-16 10:27:07', '', '127.0.0.1');
INSERT INTO `t_login_log` VALUES ('admin', '2019-07-16 10:43:12', '', '127.0.0.1');
INSERT INTO `t_login_log` VALUES ('admin', '2019-07-16 10:59:37', '', '127.0.0.1');
INSERT INTO `t_login_log` VALUES ('admin', '2019-07-16 11:00:04', '', '127.0.0.1');
INSERT INTO `t_login_log` VALUES ('admin', '2019-07-16 11:01:10', '', '127.0.0.1');
INSERT INTO `t_login_log` VALUES ('admin', '2019-07-16 11:18:41', '', '127.0.0.1');
INSERT INTO `t_login_log` VALUES ('admin', '2019-07-16 11:20:27', '', '127.0.0.1');
INSERT INTO `t_login_log` VALUES ('admin', '2019-07-16 11:21:04', '', '127.0.0.1');
INSERT INTO `t_login_log` VALUES ('admin', '2019-07-17 02:25:37', '', '127.0.0.1');
INSERT INTO `t_login_log` VALUES ('admin', '2019-07-17 02:26:28', '', '127.0.0.1');
INSERT INTO `t_login_log` VALUES ('admin', '2019-07-17 02:28:25', '', '127.0.0.1');
INSERT INTO `t_login_log` VALUES ('admin', '2019-07-17 02:56:21', '', '127.0.0.1');
INSERT INTO `t_login_log` VALUES ('admin', '2019-07-17 03:11:15', '', '127.0.0.1');
INSERT INTO `t_login_log` VALUES ('admin', '2019-07-17 03:34:00', '', '127.0.0.1');
INSERT INTO `t_login_log` VALUES ('admin', '2019-07-17 05:37:14', '', '127.0.0.1');
INSERT INTO `t_login_log` VALUES ('admin', '2019-07-17 06:27:55', '', '127.0.0.1');
INSERT INTO `t_login_log` VALUES ('admin', '2019-07-17 06:38:43', '', '127.0.0.1');
INSERT INTO `t_login_log` VALUES ('admin', '2019-07-17 07:12:13', '', '127.0.0.1');
INSERT INTO `t_login_log` VALUES ('admin', '2019-07-17 07:17:29', '', '127.0.0.1');
INSERT INTO `t_login_log` VALUES ('admin', '2019-07-17 07:47:24', '', '127.0.0.1');
INSERT INTO `t_login_log` VALUES ('admin', '2019-07-17 07:48:07', '', '127.0.0.1');
INSERT INTO `t_login_log` VALUES ('admin', '2019-07-17 07:49:38', '', '127.0.0.1');
INSERT INTO `t_login_log` VALUES ('admin', '2019-07-17 07:51:03', '', '127.0.0.1');
INSERT INTO `t_login_log` VALUES ('admin', '2019-07-17 07:59:38', '', '127.0.0.1');
INSERT INTO `t_login_log` VALUES ('admin', '2019-07-17 08:03:51', '', '127.0.0.1');
INSERT INTO `t_login_log` VALUES ('admin', '2019-07-17 08:11:13', '', '127.0.0.1');
INSERT INTO `t_login_log` VALUES ('admin', '2019-07-17 08:11:31', '', '127.0.0.1');
INSERT INTO `t_login_log` VALUES ('admin', '2019-07-17 08:11:55', '', '127.0.0.1');
INSERT INTO `t_login_log` VALUES ('admin', '2019-07-17 08:24:57', '', '127.0.0.1');
INSERT INTO `t_login_log` VALUES ('admin', '2019-07-17 08:27:44', '', '127.0.0.1');
INSERT INTO `t_login_log` VALUES ('admin', '2019-07-17 08:29:08', '', '127.0.0.1');
INSERT INTO `t_login_log` VALUES ('admin', '2019-07-17 08:29:53', '', '127.0.0.1');
INSERT INTO `t_login_log` VALUES ('admin', '2019-07-17 08:31:05', '', '127.0.0.1');
INSERT INTO `t_login_log` VALUES ('admin', '2019-07-17 08:34:18', '', '127.0.0.1');
INSERT INTO `t_login_log` VALUES ('admin', '2019-07-17 08:35:30', '', '127.0.0.1');
INSERT INTO `t_login_log` VALUES ('admin', '2019-07-17 08:36:28', '', '127.0.0.1');
INSERT INTO `t_login_log` VALUES ('admin', '2019-07-17 08:37:45', '', '127.0.0.1');
INSERT INTO `t_login_log` VALUES ('admin', '2019-07-17 08:39:57', '', '127.0.0.1');
INSERT INTO `t_login_log` VALUES ('admin', '2019-07-17 08:46:32', '', '127.0.0.1');
INSERT INTO `t_login_log` VALUES ('admin', '2019-07-17 08:47:34', '', '127.0.0.1');
INSERT INTO `t_login_log` VALUES ('admin', '2019-07-17 08:48:41', '', '127.0.0.1');
INSERT INTO `t_login_log` VALUES ('admin', '2019-07-17 08:50:01', '', '127.0.0.1');
INSERT INTO `t_login_log` VALUES ('admin', '2019-07-17 08:52:40', '', '127.0.0.1');
INSERT INTO `t_login_log` VALUES ('admin', '2019-07-17 08:54:25', '', '127.0.0.1');
INSERT INTO `t_login_log` VALUES ('admin', '2019-07-17 09:31:30', '', '172.16.0.113');
INSERT INTO `t_login_log` VALUES ('admin', '2019-07-17 09:31:40', '', '172.16.0.113');
INSERT INTO `t_login_log` VALUES ('admin', '2019-07-17 09:34:14', '', '172.16.0.113');
INSERT INTO `t_login_log` VALUES ('admin', '2019-07-17 09:35:21', '', '172.16.0.113');
INSERT INTO `t_login_log` VALUES ('admin', '2019-07-17 09:37:35', '', '172.16.0.113');
INSERT INTO `t_login_log` VALUES ('admin', '2019-07-17 09:37:53', '', '127.0.0.1');
INSERT INTO `t_login_log` VALUES ('admin', '2019-07-17 09:37:54', '', '172.16.0.113');
INSERT INTO `t_login_log` VALUES ('admin', '2019-07-17 09:37:59', '', '172.16.0.113');
INSERT INTO `t_login_log` VALUES ('admin', '2019-07-17 09:38:25', '', '172.16.0.113');
INSERT INTO `t_login_log` VALUES ('admin', '2019-07-17 09:40:30', '', '172.16.0.113');
INSERT INTO `t_login_log` VALUES ('admin', '2019-07-17 09:45:19', '', '172.16.0.113');
INSERT INTO `t_login_log` VALUES ('admin', '2019-07-18 01:47:01', '', '127.0.0.1');
INSERT INTO `t_login_log` VALUES ('admin', '2019-07-18 01:47:20', '', '192.168.159.1');
INSERT INTO `t_login_log` VALUES ('admin', '2019-07-18 01:52:26', '', '172.16.0.63');
INSERT INTO `t_login_log` VALUES ('admin', '2019-07-18 01:56:04', '', '172.16.0.113');
INSERT INTO `t_login_log` VALUES ('admin', '2019-07-18 02:05:35', '', '172.16.0.113');
INSERT INTO `t_login_log` VALUES ('admin', '2019-07-18 02:07:18', '', '172.16.0.113');
INSERT INTO `t_login_log` VALUES ('admin', '2019-07-18 02:07:59', '', '172.16.0.113');
INSERT INTO `t_login_log` VALUES ('admin', '2019-07-18 02:10:11', '', '172.16.0.113');
INSERT INTO `t_login_log` VALUES ('admin', '2019-07-18 02:12:35', '', '172.16.0.113');
INSERT INTO `t_login_log` VALUES ('admin', '2019-07-18 02:12:43', '', '172.16.0.113');
INSERT INTO `t_login_log` VALUES ('admin', '2019-07-18 02:12:51', '', '172.16.0.113');
INSERT INTO `t_login_log` VALUES ('admin', '2019-07-18 02:13:17', '', '192.168.159.1');
INSERT INTO `t_login_log` VALUES ('admin', '2019-07-18 02:13:45', '', '192.168.159.1');
INSERT INTO `t_login_log` VALUES ('admin', '2019-07-18 02:15:04', '', '172.16.0.113');
INSERT INTO `t_login_log` VALUES ('admin', '2019-07-18 02:17:43', '', '172.16.0.113');
INSERT INTO `t_login_log` VALUES ('admin', '2019-07-18 02:18:30', '', '172.16.0.113');
INSERT INTO `t_login_log` VALUES ('admin', '2019-07-18 02:22:15', '', '172.16.0.113');
INSERT INTO `t_login_log` VALUES ('admin', '2019-07-18 02:22:25', '', '172.16.0.113');
INSERT INTO `t_login_log` VALUES ('admin', '2019-07-18 02:24:17', '', '127.0.0.1');
INSERT INTO `t_login_log` VALUES ('admin', '2019-07-18 02:25:11', '', '127.0.0.1');
INSERT INTO `t_login_log` VALUES ('admin', '2019-07-18 02:25:46', '', '127.0.0.1');
INSERT INTO `t_login_log` VALUES ('admin', '2019-07-18 02:26:12', '', '172.16.0.113');
INSERT INTO `t_login_log` VALUES ('admin', '2019-07-18 02:26:16', '', '127.0.0.1');
INSERT INTO `t_login_log` VALUES ('admin', '2019-07-18 02:36:32', '', '172.16.0.113');
INSERT INTO `t_login_log` VALUES ('admin', '2019-07-18 02:39:51', '', '172.16.0.113');
INSERT INTO `t_login_log` VALUES ('admin', '2019-07-18 02:40:04', '', '172.16.0.113');
INSERT INTO `t_login_log` VALUES ('admin', '2019-07-18 02:40:28', '', '172.16.0.113');
INSERT INTO `t_login_log` VALUES ('admin', '2019-07-18 02:40:46', '', '172.16.0.113');
INSERT INTO `t_login_log` VALUES ('admin', '2019-07-18 02:40:51', '', '172.16.0.113');
INSERT INTO `t_login_log` VALUES ('admin', '2019-07-18 02:47:30', '', '192.168.159.1');
INSERT INTO `t_login_log` VALUES ('admin', '2019-07-18 03:11:57', '', '127.0.0.1');
INSERT INTO `t_login_log` VALUES ('admin', '2019-07-18 03:15:35', '', '127.0.0.1');
INSERT INTO `t_login_log` VALUES ('admin', '2019-07-18 03:15:58', '', '127.0.0.1');
INSERT INTO `t_login_log` VALUES ('admin', '2019-07-18 03:31:26', '', '127.0.0.1');
INSERT INTO `t_login_log` VALUES ('admin', '2019-07-18 03:32:17', '', '127.0.0.1');
INSERT INTO `t_login_log` VALUES ('admin', '2019-07-18 03:55:51', '', '127.0.0.1');
INSERT INTO `t_login_log` VALUES ('admin', '2019-07-18 03:56:15', '', '127.0.0.1');
INSERT INTO `t_login_log` VALUES ('admin', '2019-07-18 04:04:10', '', '127.0.0.1');
INSERT INTO `t_login_log` VALUES ('admin', '2019-07-18 04:09:49', '', '127.0.0.1');
INSERT INTO `t_login_log` VALUES ('admin', '2019-07-18 04:11:11', '', '192.168.159.1');
INSERT INTO `t_login_log` VALUES ('admin', '2019-07-18 05:39:24', '', '192.168.159.1');
INSERT INTO `t_login_log` VALUES ('admin', '2019-07-18 05:48:39', '', '127.0.0.1');
INSERT INTO `t_login_log` VALUES ('admin', '2019-07-18 05:52:29', '', '127.0.0.1');
INSERT INTO `t_login_log` VALUES ('admin', '2019-07-18 06:14:10', '', '192.168.159.1');
INSERT INTO `t_login_log` VALUES ('admin', '2019-07-18 06:15:41', '', '192.168.159.1');
INSERT INTO `t_login_log` VALUES ('admin', '2019-07-18 06:17:27', '', '192.168.159.1');
INSERT INTO `t_login_log` VALUES ('admin', '2019-07-18 06:27:14', '', '192.168.159.1');
INSERT INTO `t_login_log` VALUES ('admin', '2019-07-18 06:30:22', '', '192.168.159.1');
INSERT INTO `t_login_log` VALUES ('admin', '2019-07-18 06:33:19', '', '192.168.159.1');
INSERT INTO `t_login_log` VALUES ('admin', '2019-07-18 06:35:09', '', '192.168.159.1');
INSERT INTO `t_login_log` VALUES ('admin', '2019-07-18 06:36:38', '', '192.168.159.1');
INSERT INTO `t_login_log` VALUES ('admin', '2019-07-18 07:22:45', '', '192.168.159.1');
INSERT INTO `t_login_log` VALUES ('admin', '2019-07-18 07:25:51', '', '192.168.159.1');
INSERT INTO `t_login_log` VALUES ('admin', '2019-07-18 07:29:31', '', '192.168.159.1');
INSERT INTO `t_login_log` VALUES ('admin', '2019-07-18 07:35:54', '', '192.168.159.1');
INSERT INTO `t_login_log` VALUES ('admin', '2019-07-18 07:39:30', '', '192.168.159.1');
INSERT INTO `t_login_log` VALUES ('admin', '2019-07-18 07:45:04', '', '192.168.159.1');
INSERT INTO `t_login_log` VALUES ('admin', '2019-07-18 07:48:56', '', '192.168.159.1');
INSERT INTO `t_login_log` VALUES ('admin', '2019-07-18 07:55:56', '', '127.0.0.1');
INSERT INTO `t_login_log` VALUES ('admin', '2019-07-18 07:56:52', '', '127.0.0.1');
INSERT INTO `t_login_log` VALUES ('admin', '2019-07-18 08:01:22', '', '192.168.159.1');
INSERT INTO `t_login_log` VALUES ('admin', '2019-07-18 08:23:43', '', '192.168.159.1');
INSERT INTO `t_login_log` VALUES ('admin', '2019-07-18 08:44:41', '', '192.168.159.1');
INSERT INTO `t_login_log` VALUES ('admin', '2019-07-18 08:48:36', '', '192.168.159.1');
INSERT INTO `t_login_log` VALUES ('admin', '2019-07-18 08:50:07', '', '192.168.159.1');
INSERT INTO `t_login_log` VALUES ('admin', '2019-07-18 08:50:22', '', '192.168.159.1');
INSERT INTO `t_login_log` VALUES ('admin', '2019-07-18 08:59:37', '', '192.168.159.1');
INSERT INTO `t_login_log` VALUES ('admin', '2019-07-18 09:00:15', '', '192.168.159.1');
INSERT INTO `t_login_log` VALUES ('admin', '2019-07-18 09:03:16', '', '192.168.159.1');
INSERT INTO `t_login_log` VALUES ('admin', '2019-07-18 09:04:29', '', '192.168.159.1');
INSERT INTO `t_login_log` VALUES ('admin', '2019-07-18 10:13:21', '', '192.168.159.1');
INSERT INTO `t_login_log` VALUES ('admin', '2019-07-19 00:57:31', '', '192.168.159.1');
INSERT INTO `t_login_log` VALUES ('admin', '2019-07-19 01:01:35', '', '192.168.159.1');
INSERT INTO `t_login_log` VALUES ('admin', '2019-07-19 01:10:19', '', '192.168.159.1');
INSERT INTO `t_login_log` VALUES ('admin', '2019-07-19 01:15:27', '', '192.168.159.1');
INSERT INTO `t_login_log` VALUES ('admin', '2019-07-19 01:21:47', '', '192.168.159.1');
INSERT INTO `t_login_log` VALUES ('admin', '2019-07-19 01:23:22', '', '127.0.0.1');
INSERT INTO `t_login_log` VALUES ('admin', '2019-07-19 01:40:18', '', '192.168.159.1');
INSERT INTO `t_login_log` VALUES ('admin', '2019-07-19 01:45:57', '', '127.0.0.1');
INSERT INTO `t_login_log` VALUES ('admin', '2019-07-19 01:47:22', '', '127.0.0.1');
INSERT INTO `t_login_log` VALUES ('admin', '2019-07-19 01:49:22', '', '127.0.0.1');
INSERT INTO `t_login_log` VALUES ('admin', '2019-07-19 01:50:22', '', '127.0.0.1');
INSERT INTO `t_login_log` VALUES ('admin', '2019-07-19 01:50:44', '', '127.0.0.1');
INSERT INTO `t_login_log` VALUES ('admin', '2019-07-19 01:51:26', '', '127.0.0.1');
INSERT INTO `t_login_log` VALUES ('admin', '2019-07-19 01:55:34', '', '127.0.0.1');
INSERT INTO `t_login_log` VALUES ('admin', '2019-07-19 01:59:36', '', '127.0.0.1');
INSERT INTO `t_login_log` VALUES ('admin', '2019-07-19 02:01:51', '', '127.0.0.1');
INSERT INTO `t_login_log` VALUES ('admin', '2019-07-19 02:04:57', '', '127.0.0.1');
INSERT INTO `t_login_log` VALUES ('admin', '2019-07-19 02:05:16', '', '127.0.0.1');
INSERT INTO `t_login_log` VALUES ('admin', '2019-07-19 02:05:33', '', '127.0.0.1');
INSERT INTO `t_login_log` VALUES ('admin', '2019-07-19 02:06:02', '', '127.0.0.1');
INSERT INTO `t_login_log` VALUES ('admin', '2019-07-19 02:17:48', '', '192.168.159.1');
INSERT INTO `t_login_log` VALUES ('admin', '2019-07-19 02:37:45', '', '172.16.0.113');
INSERT INTO `t_login_log` VALUES ('admin', '2019-07-19 02:39:45', '', '172.16.0.113');
INSERT INTO `t_login_log` VALUES ('admin', '2019-07-19 02:43:56', '', '172.16.0.113');
INSERT INTO `t_login_log` VALUES ('admin', '2019-07-19 02:45:32', '', '172.16.0.113');
INSERT INTO `t_login_log` VALUES ('admin', '2019-07-19 02:58:03', '', '172.16.0.113');
INSERT INTO `t_login_log` VALUES ('admin', '2019-07-19 03:04:20', '', '172.16.0.113');
INSERT INTO `t_login_log` VALUES ('admin', '2019-07-19 03:06:46', '', '172.16.0.113');
INSERT INTO `t_login_log` VALUES ('admin', '2019-07-19 03:14:50', '', '172.16.0.113');
INSERT INTO `t_login_log` VALUES ('admin', '2019-07-19 03:17:06', '', '172.16.0.113');
INSERT INTO `t_login_log` VALUES ('admin', '2019-07-19 03:17:49', '', '172.16.0.113');
INSERT INTO `t_login_log` VALUES ('admin', '2019-07-19 03:19:59', '', '172.16.0.113');
INSERT INTO `t_login_log` VALUES ('admin', '2019-07-19 03:24:54', '', '172.16.0.113');
INSERT INTO `t_login_log` VALUES ('admin', '2019-07-19 03:25:16', '', '172.16.0.113');
INSERT INTO `t_login_log` VALUES ('admin', '2019-07-19 03:27:15', '', '172.16.0.113');
INSERT INTO `t_login_log` VALUES ('admin', '2019-07-19 03:40:34', '', '172.16.0.113');
INSERT INTO `t_login_log` VALUES ('admin', '2019-07-19 03:41:16', '', '127.0.0.1');
INSERT INTO `t_login_log` VALUES ('admin', '2019-07-19 03:44:59', '', '127.0.0.1');
INSERT INTO `t_login_log` VALUES ('admin', '2019-07-19 03:45:35', '', '127.0.0.1');
INSERT INTO `t_login_log` VALUES ('admin', '2019-07-19 03:49:57', '', '172.16.0.113');
INSERT INTO `t_login_log` VALUES ('admin', '2019-07-19 03:57:17', '', '172.16.0.113');
INSERT INTO `t_login_log` VALUES ('admin', '2019-07-19 03:57:52', '', '172.16.0.113');
INSERT INTO `t_login_log` VALUES ('admin', '2019-07-19 04:01:04', '', '127.0.0.1');
INSERT INTO `t_login_log` VALUES ('admin', '2019-07-19 04:01:24', '', '127.0.0.1');
INSERT INTO `t_login_log` VALUES ('admin', '2019-07-19 04:01:53', '', '127.0.0.1');
INSERT INTO `t_login_log` VALUES ('admin', '2019-07-19 04:02:13', '', '127.0.0.1');
INSERT INTO `t_login_log` VALUES ('admin', '2019-07-19 04:06:04', '', '172.16.0.113');
INSERT INTO `t_login_log` VALUES ('admin', '2019-07-19 04:08:54', '', '127.0.0.1');
INSERT INTO `t_login_log` VALUES ('admin', '2019-07-19 04:09:36', '', '172.16.0.113');
INSERT INTO `t_login_log` VALUES ('admin', '2019-07-19 04:13:44', '', '127.0.0.1');
INSERT INTO `t_login_log` VALUES ('admin', '2019-07-19 04:14:23', '', '127.0.0.1');
INSERT INTO `t_login_log` VALUES ('admin', '2019-07-19 04:14:47', '', '127.0.0.1');
INSERT INTO `t_login_log` VALUES ('admin', '2019-07-19 04:15:03', '', '127.0.0.1');
INSERT INTO `t_login_log` VALUES ('admin', '2019-07-19 04:15:23', '', '127.0.0.1');
INSERT INTO `t_login_log` VALUES ('admin', '2019-07-19 05:39:25', '', '172.16.0.113');
INSERT INTO `t_login_log` VALUES ('admin', '2019-07-19 05:39:36', '', '172.16.0.113');
INSERT INTO `t_login_log` VALUES ('admin', '2019-07-19 05:48:13', '', '172.16.0.113');
INSERT INTO `t_login_log` VALUES ('admin', '2019-07-19 05:50:18', '', '172.16.0.113');
INSERT INTO `t_login_log` VALUES ('admin', '2019-07-19 05:53:12', '', '172.16.0.113');
INSERT INTO `t_login_log` VALUES ('admin', '2019-07-19 05:53:54', '', '172.16.0.113');
INSERT INTO `t_login_log` VALUES ('admin', '2019-07-19 05:55:24', '', '172.16.0.113');
INSERT INTO `t_login_log` VALUES ('admin', '2019-07-19 05:59:32', '', '172.16.0.113');
INSERT INTO `t_login_log` VALUES ('admin', '2019-07-19 06:05:39', '', '172.16.0.113');
INSERT INTO `t_login_log` VALUES ('admin', '2019-07-19 06:09:37', '', '172.16.0.113');
INSERT INTO `t_login_log` VALUES ('admin', '2019-07-19 06:15:45', '', '192.168.159.1');
INSERT INTO `t_login_log` VALUES ('admin', '2019-07-19 06:16:08', '', '172.16.0.113');
INSERT INTO `t_login_log` VALUES ('admin', '2019-07-19 06:17:20', '', '192.168.159.1');
INSERT INTO `t_login_log` VALUES ('admin', '2019-07-19 06:19:01', '', '172.16.0.113');
INSERT INTO `t_login_log` VALUES ('admin', '2019-07-19 06:20:55', '', '192.168.159.1');
INSERT INTO `t_login_log` VALUES ('admin', '2019-07-19 06:23:41', '', '172.16.0.113');
INSERT INTO `t_login_log` VALUES ('admin', '2019-07-19 06:26:11', '', '172.16.0.113');
INSERT INTO `t_login_log` VALUES ('admin', '2019-07-19 06:35:43', '', '172.16.0.113');
INSERT INTO `t_login_log` VALUES ('admin', '2019-07-19 06:52:22', '', '192.168.1.200');
INSERT INTO `t_login_log` VALUES ('admin', '2019-07-19 06:52:25', '', '192.168.1.200');
INSERT INTO `t_login_log` VALUES ('admin', '2019-07-19 06:53:53', '', '192.168.1.200');
INSERT INTO `t_login_log` VALUES ('admin', '2019-07-19 06:53:56', '', '192.168.1.200');
INSERT INTO `t_login_log` VALUES ('admin', '2019-07-19 07:13:21', '', '192.168.1.200');
INSERT INTO `t_login_log` VALUES ('admin', '2019-07-19 07:14:02', '', '192.168.1.200');
INSERT INTO `t_login_log` VALUES ('admin', '2019-07-19 07:15:08', '', '192.168.1.89');
INSERT INTO `t_login_log` VALUES ('admin', '2019-07-19 07:15:22', '', '192.168.1.200');
INSERT INTO `t_login_log` VALUES ('admin', '2019-07-19 07:19:03', '', '192.168.1.200');
INSERT INTO `t_login_log` VALUES ('admin', '2019-07-19 07:23:43', '', '192.168.1.200');
INSERT INTO `t_login_log` VALUES ('admin', '2019-07-19 07:26:07', '', '192.168.1.200');
INSERT INTO `t_login_log` VALUES ('admin', '2019-07-19 07:28:04', '', '192.168.1.200');
INSERT INTO `t_login_log` VALUES ('admin', '2019-07-19 07:34:01', '', '192.168.1.200');
INSERT INTO `t_login_log` VALUES ('admin', '2019-07-19 07:35:13', '', '192.168.1.200');
INSERT INTO `t_login_log` VALUES ('admin', '2019-07-19 07:35:29', '', '192.168.1.200');
INSERT INTO `t_login_log` VALUES ('admin', '2019-07-19 07:35:34', '', '192.168.1.200');
INSERT INTO `t_login_log` VALUES ('admin', '2019-07-19 07:36:06', '', '192.168.1.200');
INSERT INTO `t_login_log` VALUES ('admin', '2019-07-19 07:36:26', '', '192.168.1.200');
INSERT INTO `t_login_log` VALUES ('admin', '2019-07-19 07:36:54', '', '192.168.1.200');
INSERT INTO `t_login_log` VALUES ('admin', '2019-07-19 07:37:32', '', '192.168.1.200');
INSERT INTO `t_login_log` VALUES ('admin', '2019-07-19 07:39:02', '', '192.168.1.200');
INSERT INTO `t_login_log` VALUES ('admin', '2019-07-19 07:39:27', '', '192.168.1.200');
INSERT INTO `t_login_log` VALUES ('admin', '2019-07-19 07:39:57', '', '192.168.1.200');
INSERT INTO `t_login_log` VALUES ('admin', '2019-07-19 07:40:24', '', '192.168.1.200');
INSERT INTO `t_login_log` VALUES ('admin', '2019-07-19 07:41:36', '', '192.168.1.200');
INSERT INTO `t_login_log` VALUES ('admin', '2019-07-19 07:44:20', '', '192.168.1.200');
INSERT INTO `t_login_log` VALUES ('admin', '2019-07-19 07:47:21', '', '192.168.1.200');
INSERT INTO `t_login_log` VALUES ('admin', '2019-07-19 07:49:10', '', '192.168.1.200');
INSERT INTO `t_login_log` VALUES ('admin', '2019-07-19 07:51:34', '', '192.168.1.200');
INSERT INTO `t_login_log` VALUES ('admin', '2019-07-19 07:53:21', '', '192.168.1.200');
INSERT INTO `t_login_log` VALUES ('admin', '2019-07-19 07:55:03', '', '192.168.1.200');
INSERT INTO `t_login_log` VALUES ('admin', '2019-07-19 07:56:18', '', '192.168.1.200');
INSERT INTO `t_login_log` VALUES ('admin', '2019-07-19 08:23:41', '', '192.168.1.200');
INSERT INTO `t_login_log` VALUES ('admin', '2019-07-19 08:44:03', '', '192.168.1.200');
INSERT INTO `t_login_log` VALUES ('admin', '2019-07-19 08:48:50', '', '192.168.1.200');
INSERT INTO `t_login_log` VALUES ('admin', '2019-07-19 09:13:22', '', '192.168.1.200');
INSERT INTO `t_login_log` VALUES ('admin', '2019-07-19 09:14:05', '', '192.168.1.200');
INSERT INTO `t_login_log` VALUES ('admin', '2019-07-19 09:14:40', '', '192.168.1.200');
INSERT INTO `t_login_log` VALUES ('admin', '2019-07-19 09:25:22', '', '192.168.1.200');
INSERT INTO `t_login_log` VALUES ('admin', '2019-07-19 09:37:23', '', '192.168.2.107');
INSERT INTO `t_login_log` VALUES ('admin', '2019-07-19 09:38:37', '', '192.168.159.1');
INSERT INTO `t_login_log` VALUES ('admin', '2019-07-19 09:38:43', '', '192.168.2.107');
INSERT INTO `t_login_log` VALUES ('admin', '2019-07-19 09:44:08', '', '192.168.159.1');
INSERT INTO `t_login_log` VALUES ('admin', '2019-07-19 09:45:19', '', '192.168.2.107');
INSERT INTO `t_login_log` VALUES ('admin', '2019-07-19 09:46:04', '', '192.168.159.1');
INSERT INTO `t_login_log` VALUES ('admin', '2019-07-19 09:47:16', '', '192.168.2.107');
INSERT INTO `t_login_log` VALUES ('admin', '2019-07-19 09:47:17', '', '192.168.2.107');
INSERT INTO `t_login_log` VALUES ('admin', '2019-07-19 10:53:36', '', '192.168.2.107');
INSERT INTO `t_login_log` VALUES ('admin', '2019-07-19 10:53:37', '', '192.168.2.107');
INSERT INTO `t_login_log` VALUES ('admin', '2019-07-19 10:53:45', '', '192.168.2.107');
INSERT INTO `t_login_log` VALUES ('admin', '2019-07-19 10:54:35', '', '192.168.2.107');
INSERT INTO `t_login_log` VALUES ('admin', '2019-07-21 05:38:05', '', '192.168.159.1');
INSERT INTO `t_login_log` VALUES ('admin', '2019-07-21 05:38:07', '', '172.16.0.74');
INSERT INTO `t_login_log` VALUES ('admin', '2019-07-21 05:43:58', '', '172.16.0.74');
INSERT INTO `t_login_log` VALUES ('admin', '2019-07-21 06:49:27', '', '172.16.0.74');
INSERT INTO `t_login_log` VALUES ('admin', '2019-07-21 06:50:34', '', '172.16.0.74');
INSERT INTO `t_login_log` VALUES ('admin', '2019-07-21 07:07:59', '', '172.16.0.131');
INSERT INTO `t_login_log` VALUES ('admin', '2019-07-21 07:32:43', '', '172.16.0.74');
INSERT INTO `t_login_log` VALUES ('admin', '2019-07-21 08:17:58', '', '172.16.0.74');
INSERT INTO `t_login_log` VALUES ('admin', '2019-07-21 08:25:47', '', '192.168.159.1');
INSERT INTO `t_login_log` VALUES ('admin', '2019-07-21 08:28:59', '', '172.16.0.74');
INSERT INTO `t_login_log` VALUES ('admin', '2019-07-21 08:34:16', '', '192.168.159.1');
INSERT INTO `t_login_log` VALUES ('admin', '2019-07-21 08:34:23', '', '172.16.0.74');
INSERT INTO `t_login_log` VALUES ('admin', '2019-07-21 08:42:06', '', '192.168.159.1');
INSERT INTO `t_login_log` VALUES ('admin', '2019-07-21 09:13:30', '', '172.16.0.74');
INSERT INTO `t_login_log` VALUES ('admin', '2019-07-21 09:16:23', '', '192.168.159.1');
INSERT INTO `t_login_log` VALUES ('admin', '2019-07-21 09:17:51', '', '172.16.0.74');
INSERT INTO `t_login_log` VALUES ('admin', '2019-07-22 01:55:34', '', '169.254.163.212');
INSERT INTO `t_login_log` VALUES ('admin', '2019-07-22 02:21:41', '', '172.16.0.75');
INSERT INTO `t_login_log` VALUES ('admin', '2019-07-22 02:22:54', '', '172.16.0.75');
INSERT INTO `t_login_log` VALUES ('admin', '2019-07-22 02:37:02', '', '172.16.0.75');
INSERT INTO `t_login_log` VALUES ('admin', '2019-07-22 03:16:34', '', '172.16.0.75');
INSERT INTO `t_login_log` VALUES ('admin', '2019-07-22 03:34:44', '', '172.16.0.75');
INSERT INTO `t_login_log` VALUES ('admin', '2019-07-22 03:39:13', '', '172.16.0.75');
INSERT INTO `t_login_log` VALUES ('admin', '2019-07-22 03:58:50', '', '172.16.0.75');
INSERT INTO `t_login_log` VALUES ('admin', '2019-07-22 05:45:44', '', '172.16.0.75');
INSERT INTO `t_login_log` VALUES ('admin', '2019-07-22 06:15:55', '', '172.16.0.75');
INSERT INTO `t_login_log` VALUES ('admin', '2019-07-22 09:02:24', '', '172.16.0.75');
INSERT INTO `t_login_log` VALUES ('admin', '2019-07-22 10:03:03', '', '172.16.0.75');
INSERT INTO `t_login_log` VALUES ('admin', '2019-07-23 01:13:02', '', '172.16.0.84');
INSERT INTO `t_login_log` VALUES ('admin', '2019-07-23 02:17:18', '', '172.16.0.84');
INSERT INTO `t_login_log` VALUES ('admin', '2019-07-23 03:25:23', '', '192.168.2.107');
INSERT INTO `t_login_log` VALUES ('admin', '2019-07-23 03:56:44', '', '172.16.0.84');
INSERT INTO `t_login_log` VALUES ('admin', '2019-07-23 06:19:08', '', '172.16.0.84');
INSERT INTO `t_login_log` VALUES ('admin', '2019-07-23 06:32:59', '', '127.0.0.1');
INSERT INTO `t_login_log` VALUES ('admin', '2019-07-23 06:33:09', '', '127.0.0.1');
INSERT INTO `t_login_log` VALUES ('mrbird', '2019-07-23 06:33:44', '', '127.0.0.1');
INSERT INTO `t_login_log` VALUES ('mrbird', '2019-07-23 06:37:43', '', '127.0.0.1');
INSERT INTO `t_login_log` VALUES ('admin', '2019-07-23 06:37:57', '', '127.0.0.1');
INSERT INTO `t_login_log` VALUES ('admin', '2019-07-23 07:04:54', '', '127.0.0.1');
INSERT INTO `t_login_log` VALUES ('admin', '2019-07-23 07:07:21', '', '127.0.0.1');
INSERT INTO `t_login_log` VALUES ('admin', '2019-07-23 07:10:31', '', '127.0.0.1');
INSERT INTO `t_login_log` VALUES ('admin', '2019-07-23 07:23:51', '', '192.168.159.1');
INSERT INTO `t_login_log` VALUES ('admin', '2019-07-23 07:46:36', '', '172.16.0.84');
INSERT INTO `t_login_log` VALUES ('admin', '2019-07-23 08:29:29', '', '192.168.159.1');
INSERT INTO `t_login_log` VALUES ('admin', '2019-07-23 08:36:38', '', '192.168.159.1');
INSERT INTO `t_login_log` VALUES ('admin', '2019-07-23 08:38:31', '', '192.168.159.1');
INSERT INTO `t_login_log` VALUES ('admin', '2019-07-23 08:39:44', '', '192.168.159.1');
INSERT INTO `t_login_log` VALUES ('admin', '2019-07-23 08:48:45', '', '192.168.159.1');
INSERT INTO `t_login_log` VALUES ('admin', '2019-07-23 09:01:31', '', '192.168.159.1');
INSERT INTO `t_login_log` VALUES ('admin', '2019-07-23 10:12:03', '', '172.16.0.84');
INSERT INTO `t_login_log` VALUES ('mrbird', '2019-07-24 01:16:32', '', '127.0.0.1');
INSERT INTO `t_login_log` VALUES ('mrbird', '2019-07-24 01:16:40', '', '127.0.0.1');
INSERT INTO `t_login_log` VALUES ('mrbird', '2019-07-24 01:17:07', '', '127.0.0.1');
INSERT INTO `t_login_log` VALUES ('mrbird', '2019-07-24 01:17:32', '', '127.0.0.1');
INSERT INTO `t_login_log` VALUES ('admin', '2019-07-24 01:27:38', '', '172.16.0.84');
INSERT INTO `t_login_log` VALUES ('admin', '2019-07-24 02:08:15', '', '192.168.159.1');
INSERT INTO `t_login_log` VALUES ('admin', '2019-07-24 03:45:27', '', '172.16.0.84');
INSERT INTO `t_login_log` VALUES ('admin', '2019-07-24 05:40:37', '', '172.16.0.87');
INSERT INTO `t_login_log` VALUES ('admin', '2019-07-24 06:57:13', '', '172.16.0.87');
INSERT INTO `t_login_log` VALUES ('admin', '2019-07-24 08:45:25', '', '172.16.0.87');
INSERT INTO `t_login_log` VALUES ('admin', '2019-07-24 09:38:13', '', '172.16.0.87');
INSERT INTO `t_login_log` VALUES ('admin', '2019-07-25 01:20:33', '', '172.16.0.94');
INSERT INTO `t_login_log` VALUES ('admin', '2019-07-25 05:49:06', '', '192.168.159.1');
INSERT INTO `t_login_log` VALUES ('admin', '2019-07-25 05:58:09', '', '172.16.0.94');
INSERT INTO `t_login_log` VALUES ('admin', '2019-07-25 06:25:00', '', '192.168.159.1');
INSERT INTO `t_login_log` VALUES ('admin', '2019-07-25 06:42:02', '', '192.168.159.1');
INSERT INTO `t_login_log` VALUES ('admin', '2019-07-25 06:52:01', '', '192.168.159.1');
INSERT INTO `t_login_log` VALUES ('admin', '2019-07-25 06:53:50', '', '192.168.159.1');
INSERT INTO `t_login_log` VALUES ('admin', '2019-07-25 06:57:36', '', '192.168.159.1');
INSERT INTO `t_login_log` VALUES ('admin', '2019-07-25 06:59:36', '', '172.16.0.94');
INSERT INTO `t_login_log` VALUES ('admin', '2019-07-25 07:01:39', '', '172.16.0.94');
INSERT INTO `t_login_log` VALUES ('admin', '2019-07-25 07:01:59', '', '192.168.159.1');
INSERT INTO `t_login_log` VALUES ('admin', '2019-07-25 07:04:37', '', '172.16.0.94');
INSERT INTO `t_login_log` VALUES ('admin', '2019-07-25 07:56:28', '', '192.168.159.1');
INSERT INTO `t_login_log` VALUES ('admin', '2019-07-25 08:09:54', '', '172.16.0.94');
INSERT INTO `t_login_log` VALUES ('admin', '2019-07-25 08:30:47', '', '192.168.159.1');
INSERT INTO `t_login_log` VALUES ('admin', '2019-07-25 08:36:59', '', '192.168.159.1');
INSERT INTO `t_login_log` VALUES ('admin', '2019-07-25 08:38:51', '', '192.168.159.1');
INSERT INTO `t_login_log` VALUES ('admin', '2019-07-25 08:41:21', '', '172.16.0.94');
INSERT INTO `t_login_log` VALUES ('admin', '2019-07-25 09:41:14', '', '192.168.159.1');
INSERT INTO `t_login_log` VALUES ('admin', '2019-07-25 09:45:41', '', '192.168.159.1');
INSERT INTO `t_login_log` VALUES ('admin', '2019-07-25 09:52:25', '', '192.168.159.1');
INSERT INTO `t_login_log` VALUES ('admin', '2019-07-25 09:52:40', '', '192.168.159.1');
INSERT INTO `t_login_log` VALUES ('admin', '2019-07-25 10:30:39', '', '172.16.0.94');
INSERT INTO `t_login_log` VALUES ('admin', '2019-07-25 10:34:54', '', '172.16.0.94');
INSERT INTO `t_login_log` VALUES ('admin', '2019-07-25 10:38:04', '', '172.16.0.94');

-- ----------------------------
-- Table structure for t_menu
-- ----------------------------
DROP TABLE IF EXISTS `t_menu`;
CREATE TABLE `t_menu` (
  `menu_id` bigint(20) NOT NULL AUTO_INCREMENT COMMENT '菜单/按钮ID',
  `parent_id` bigint(20) NOT NULL COMMENT '上级菜单ID',
  `menu_name` varchar(50) NOT NULL COMMENT '菜单/按钮名称',
  `path` varchar(255) DEFAULT NULL COMMENT '对应路由path',
  `component` varchar(255) DEFAULT NULL COMMENT '对应路由组件component',
  `perms` varchar(50) DEFAULT NULL COMMENT '权限标识',
  `icon` varchar(50) DEFAULT NULL COMMENT '图标',
  `type` char(2) NOT NULL COMMENT '类型 0菜单 1按钮',
  `order_num` double(20,0) DEFAULT NULL COMMENT '排序',
  `create_time` datetime NOT NULL COMMENT '创建时间',
  `modify_time` datetime DEFAULT NULL COMMENT '修改时间',
  PRIMARY KEY (`menu_id`) USING BTREE
) ENGINE=InnoDB AUTO_INCREMENT=12 DEFAULT CHARSET=utf8 ROW_FORMAT=DYNAMIC;

-- ----------------------------
-- Records of t_menu
-- ----------------------------
INSERT INTO `t_menu` VALUES ('1', '0', 'sysMng', '/system', 'Layout', null, 'table', '0', '1', '2017-12-27 16:39:07', '2019-01-05 11:13:14');
INSERT INTO `t_menu` VALUES ('2', '0', 'sysMon', '/systemMonitoring', 'Layout', null, 'guide', '0', '2', '2017-12-27 16:45:51', '2019-01-23 06:27:12');
INSERT INTO `t_menu` VALUES ('3', '1', 'userMng', '/user/username', 'system/user/username', 'user:view', '', '0', '1', '2017-12-27 16:47:13', '2019-01-22 06:45:55');
INSERT INTO `t_menu` VALUES ('4', '1', 'roleMng', '/role/list', 'system/role/list', 'role:view', '', '0', '2', '2017-12-27 16:48:09', '2018-04-25 09:01:12');
INSERT INTO `t_menu` VALUES ('5', '1', 'menuMng', '/menu/menus', 'system/menu/menus', 'menu:view', '', '0', '3', '2017-12-27 16:48:57', '2018-04-25 09:01:30');
INSERT INTO `t_menu` VALUES ('6', '1', 'dptmMng', '/department/list', 'system/department/list', 'dept:view', '', '0', '4', '2017-12-27 16:57:33', '2018-04-25 09:01:40');
INSERT INTO `t_menu` VALUES ('10', '2', 'logMng', '/log/list', 'systemMonitoring/log/list', 'log:view', '', '0', '1', '2017-12-27 17:00:50', '2018-04-25 09:02:18');
INSERT INTO `t_menu` VALUES ('11', '3', '新增用户', '', '', 'user:add', '', '1', '2', '2017-12-27 17:02:58', '2019-07-21 16:56:04');

-- ----------------------------
-- Table structure for t_menu_copy
-- ----------------------------
DROP TABLE IF EXISTS `t_menu_copy`;
CREATE TABLE `t_menu_copy` (
  `menu_id` bigint(20) NOT NULL AUTO_INCREMENT COMMENT '菜单/按钮ID',
  `parent_id` bigint(20) NOT NULL COMMENT '上级菜单ID',
  `menu_name` varchar(50) NOT NULL COMMENT '菜单/按钮名称',
  `path` varchar(255) DEFAULT NULL COMMENT '对应路由path',
  `component` varchar(255) DEFAULT NULL COMMENT '对应路由组件component',
  `perms` varchar(50) DEFAULT NULL COMMENT '权限标识',
  `icon` varchar(50) DEFAULT NULL COMMENT '图标',
  `type` char(2) NOT NULL COMMENT '类型 0菜单 1按钮',
  `order_num` double(20,0) DEFAULT NULL COMMENT '排序',
  `create_time` datetime NOT NULL COMMENT '创建时间',
  `modify_time` datetime DEFAULT NULL COMMENT '修改时间',
  PRIMARY KEY (`menu_id`) USING BTREE
) ENGINE=InnoDB AUTO_INCREMENT=139 DEFAULT CHARSET=utf8 ROW_FORMAT=DYNAMIC;

-- ----------------------------
-- Records of t_menu_copy
-- ----------------------------
INSERT INTO `t_menu_copy` VALUES ('1', '0', '系统管理', '/system', 'PageView', null, 'appstore-o', '0', '1', '2017-12-27 16:39:07', '2019-01-05 11:13:14');
INSERT INTO `t_menu_copy` VALUES ('2', '0', '系统监控', '/monitor', 'PageView', null, 'dashboard', '0', '2', '2017-12-27 16:45:51', '2019-01-23 06:27:12');
INSERT INTO `t_menu_copy` VALUES ('3', '1', '用户管理', '/system/user', 'system/user/User', 'user:view', '', '0', '1', '2017-12-27 16:47:13', '2019-01-22 06:45:55');
INSERT INTO `t_menu_copy` VALUES ('4', '1', '角色管理', '/system/role', 'system/role/Role', 'role:view', '', '0', '2', '2017-12-27 16:48:09', '2018-04-25 09:01:12');
INSERT INTO `t_menu_copy` VALUES ('5', '1', '菜单管理', '/system/menu', 'system/menu/Menu', 'menu:view', '', '0', '3', '2017-12-27 16:48:57', '2018-04-25 09:01:30');
INSERT INTO `t_menu_copy` VALUES ('6', '1', '部门管理', '/system/dept', 'system/dept/Dept', 'dept:view', '', '0', '4', '2017-12-27 16:57:33', '2018-04-25 09:01:40');
INSERT INTO `t_menu_copy` VALUES ('8', '2', '在线用户', '/monitor/online', 'monitor/Online', 'user:online', '', '0', '1', '2017-12-27 16:59:33', '2018-04-25 09:02:04');
INSERT INTO `t_menu_copy` VALUES ('10', '2', '系统日志', '/monitor/systemlog', 'monitor/SystemLog', 'log:view', '', '0', '2', '2017-12-27 17:00:50', '2018-04-25 09:02:18');
INSERT INTO `t_menu_copy` VALUES ('11', '3', '新增用户', '', '', 'user:add', null, '1', null, '2017-12-27 17:02:58', null);
INSERT INTO `t_menu_copy` VALUES ('12', '3', '修改用户', '', '', 'user:update', null, '1', null, '2017-12-27 17:04:07', null);
INSERT INTO `t_menu_copy` VALUES ('13', '3', '删除用户', '', '', 'user:delete', null, '1', null, '2017-12-27 17:04:58', null);
INSERT INTO `t_menu_copy` VALUES ('14', '4', '新增角色', '', '', 'role:add', null, '1', null, '2017-12-27 17:06:38', null);
INSERT INTO `t_menu_copy` VALUES ('15', '4', '修改角色', '', '', 'role:update', null, '1', null, '2017-12-27 17:06:38', null);
INSERT INTO `t_menu_copy` VALUES ('16', '4', '删除角色', '', '', 'role:delete', null, '1', null, '2017-12-27 17:06:38', null);
INSERT INTO `t_menu_copy` VALUES ('17', '5', '新增菜单', '', '', 'menu:add', null, '1', null, '2017-12-27 17:08:02', null);
INSERT INTO `t_menu_copy` VALUES ('18', '5', '修改菜单', '', '', 'menu:update', null, '1', null, '2017-12-27 17:08:02', null);
INSERT INTO `t_menu_copy` VALUES ('19', '5', '删除菜单', '', '', 'menu:delete', null, '1', null, '2017-12-27 17:08:02', null);
INSERT INTO `t_menu_copy` VALUES ('20', '6', '新增部门', '', '', 'dept:add', null, '1', null, '2017-12-27 17:09:24', null);
INSERT INTO `t_menu_copy` VALUES ('21', '6', '修改部门', '', '', 'dept:update', null, '1', null, '2017-12-27 17:09:24', null);
INSERT INTO `t_menu_copy` VALUES ('22', '6', '删除部门', '', '', 'dept:delete', null, '1', null, '2017-12-27 17:09:24', null);
INSERT INTO `t_menu_copy` VALUES ('23', '8', '踢出用户', '', '', 'user:kickout', null, '1', null, '2017-12-27 17:11:13', null);
INSERT INTO `t_menu_copy` VALUES ('24', '10', '删除日志', '', '', 'log:delete', null, '1', null, '2017-12-27 17:11:45', null);
INSERT INTO `t_menu_copy` VALUES ('58', '0', '网络资源', '/web', 'PageView', null, 'compass', '0', '4', '2018-01-12 15:28:48', '2018-01-22 19:49:26');
INSERT INTO `t_menu_copy` VALUES ('59', '58', '天气查询', '/web/weather', 'web/Weather', 'weather:view', '', '0', '1', '2018-01-12 15:40:02', '2019-01-22 05:43:19');
INSERT INTO `t_menu_copy` VALUES ('61', '58', '每日一文', '/web/dailyArticle', 'web/DailyArticle', 'article:view', '', '0', '2', '2018-01-15 17:17:14', '2019-01-22 05:43:27');
INSERT INTO `t_menu_copy` VALUES ('64', '1', '字典管理', '/system/dict', 'system/dict/Dict', 'dict:view', '', '0', '5', '2018-01-18 10:38:25', '2018-04-25 09:01:50');
INSERT INTO `t_menu_copy` VALUES ('65', '64', '新增字典', '', '', 'dict:add', null, '1', null, '2018-01-18 19:10:08', null);
INSERT INTO `t_menu_copy` VALUES ('66', '64', '修改字典', '', '', 'dict:update', null, '1', null, '2018-01-18 19:10:27', null);
INSERT INTO `t_menu_copy` VALUES ('67', '64', '删除字典', '', '', 'dict:delete', null, '1', null, '2018-01-18 19:10:47', null);
INSERT INTO `t_menu_copy` VALUES ('81', '58', '影视资讯', '/web/movie', 'EmptyPageView', null, null, '0', '3', '2018-01-22 14:12:59', '2019-01-22 05:43:35');
INSERT INTO `t_menu_copy` VALUES ('82', '81', '正在热映', '/web/movie/hot', 'web/MovieHot', 'movie:hot', '', '0', '1', '2018-01-22 14:13:47', '2019-01-22 05:43:52');
INSERT INTO `t_menu_copy` VALUES ('83', '81', '即将上映', '/web/movie/coming', 'web/MovieComing', 'movie:coming', '', '0', '2', '2018-01-22 14:14:36', '2019-01-22 05:43:58');
INSERT INTO `t_menu_copy` VALUES ('101', '0', '任务调度', '/job', 'PageView', null, 'clock-circle-o', '0', '3', '2018-01-11 15:52:57', null);
INSERT INTO `t_menu_copy` VALUES ('102', '101', '定时任务', '/job/job', 'quartz/job/Job', 'job:view', '', '0', '1', '2018-02-24 15:53:53', '2019-01-22 05:42:50');
INSERT INTO `t_menu_copy` VALUES ('103', '102', '新增任务', '', '', 'job:add', null, '1', null, '2018-02-24 15:55:10', null);
INSERT INTO `t_menu_copy` VALUES ('104', '102', '修改任务', '', '', 'job:update', null, '1', null, '2018-02-24 15:55:53', null);
INSERT INTO `t_menu_copy` VALUES ('105', '102', '删除任务', '', '', 'job:delete', null, '1', null, '2018-02-24 15:56:18', null);
INSERT INTO `t_menu_copy` VALUES ('106', '102', '暂停任务', '', '', 'job:pause', null, '1', null, '2018-02-24 15:57:08', null);
INSERT INTO `t_menu_copy` VALUES ('107', '102', '恢复任务', '', '', 'job:resume', null, '1', null, '2018-02-24 15:58:21', null);
INSERT INTO `t_menu_copy` VALUES ('108', '102', '立即执行任务', '', '', 'job:run', null, '1', null, '2018-02-24 15:59:45', null);
INSERT INTO `t_menu_copy` VALUES ('109', '101', '调度日志', '/job/log', 'quartz/log/JobLog', 'jobLog:view', '', '0', '2', '2018-02-24 16:00:45', '2019-01-22 05:42:59');
INSERT INTO `t_menu_copy` VALUES ('110', '109', '删除日志', '', '', 'jobLog:delete', null, '1', null, '2018-02-24 16:01:21', null);
INSERT INTO `t_menu_copy` VALUES ('113', '2', 'Redis监控', '/monitor/redis/info', 'monitor/RedisInfo', 'redis:view', '', '0', '3', '2018-06-28 14:29:42', null);
INSERT INTO `t_menu_copy` VALUES ('121', '2', '请求追踪', '/monitor/httptrace', 'monitor/Httptrace', null, null, '0', '4', '2019-01-18 02:30:29', null);
INSERT INTO `t_menu_copy` VALUES ('122', '2', '系统信息', '/monitor/system', 'EmptyPageView', null, null, '0', '5', '2019-01-18 02:31:48', '2019-01-18 02:39:46');
INSERT INTO `t_menu_copy` VALUES ('123', '122', 'Tomcat信息', '/monitor/system/tomcatinfo', 'monitor/TomcatInfo', null, null, '0', '2', '2019-01-18 02:32:53', '2019-01-18 02:46:57');
INSERT INTO `t_menu_copy` VALUES ('124', '122', 'JVM信息', '/monitor/system/jvminfo', 'monitor/JvmInfo', null, null, '0', '1', '2019-01-18 02:33:30', '2019-01-18 02:46:51');
INSERT INTO `t_menu_copy` VALUES ('127', '122', '服务器信息', '/monitor/system/info', 'monitor/SystemInfo', null, null, '0', '3', '2019-01-21 07:53:43', '2019-01-21 07:57:00');
INSERT INTO `t_menu_copy` VALUES ('128', '0', '其他模块', '/others', 'PageView', null, 'coffee', '0', '5', '2019-01-22 06:49:59', '2019-01-22 06:50:13');
INSERT INTO `t_menu_copy` VALUES ('129', '128', '导入导出', '/others/excel', 'others/Excel', null, null, '0', '1', '2019-01-22 06:51:36', '2019-01-22 07:06:45');
INSERT INTO `t_menu_copy` VALUES ('130', '3', '导出Excel', null, null, 'user:export', null, '1', null, '2019-01-23 06:35:16', null);
INSERT INTO `t_menu_copy` VALUES ('131', '4', '导出Excel', null, null, 'role:export', null, '1', null, '2019-01-23 06:35:36', null);
INSERT INTO `t_menu_copy` VALUES ('132', '5', '导出Excel', null, null, 'menu:export', null, '1', null, '2019-01-23 06:36:05', null);
INSERT INTO `t_menu_copy` VALUES ('133', '6', '导出Excel', null, null, 'dept:export', null, '1', null, '2019-01-23 06:36:25', null);
INSERT INTO `t_menu_copy` VALUES ('134', '64', '导出Excel', null, null, 'dict:export', null, '1', null, '2019-01-23 06:36:43', null);
INSERT INTO `t_menu_copy` VALUES ('135', '3', '密码重置', null, null, 'user:reset', null, '1', null, '2019-01-23 06:37:00', null);
INSERT INTO `t_menu_copy` VALUES ('136', '10', '导出Excel', null, null, 'log:export', null, '1', null, '2019-01-23 06:37:27', null);
INSERT INTO `t_menu_copy` VALUES ('137', '102', '导出Excel', null, null, 'job:export', null, '1', null, '2019-01-23 06:37:59', null);
INSERT INTO `t_menu_copy` VALUES ('138', '109', '导出Excel', null, null, 'jobLog:export', null, '1', null, '2019-01-23 06:38:32', null);

-- ----------------------------
-- Table structure for t_role
-- ----------------------------
DROP TABLE IF EXISTS `t_role`;
CREATE TABLE `t_role` (
  `role_id` bigint(20) NOT NULL AUTO_INCREMENT COMMENT '角色ID',
  `role_name` varchar(10) NOT NULL COMMENT '角色名称',
  `remark` varchar(100) DEFAULT NULL COMMENT '角色描述',
  `create_time` datetime NOT NULL COMMENT '创建时间',
  `modify_time` datetime DEFAULT NULL COMMENT '修改时间',
  PRIMARY KEY (`role_id`) USING BTREE
) ENGINE=InnoDB AUTO_INCREMENT=73 DEFAULT CHARSET=utf8 ROW_FORMAT=DYNAMIC;

-- ----------------------------
-- Records of t_role
-- ----------------------------
INSERT INTO `t_role` VALUES ('1', '管理员', '管理员', '2017-12-27 16:23:11', '2019-01-23 06:45:29');
INSERT INTO `t_role` VALUES ('2', '注册用户', '可查看，新增，导出', '2019-01-04 14:11:28', '2019-01-23 07:37:08');
INSERT INTO `t_role` VALUES ('72', '普通用户', '只可查看，好可怜哦', '2019-01-23 07:33:20', null);

-- ----------------------------
-- Table structure for t_role_menu
-- ----------------------------
DROP TABLE IF EXISTS `t_role_menu`;
CREATE TABLE `t_role_menu` (
  `role_id` bigint(20) NOT NULL,
  `menu_id` bigint(20) NOT NULL
) ENGINE=InnoDB DEFAULT CHARSET=utf8 ROW_FORMAT=DYNAMIC;

-- ----------------------------
-- Records of t_role_menu
-- ----------------------------
INSERT INTO `t_role_menu` VALUES ('1', '1');
INSERT INTO `t_role_menu` VALUES ('1', '3');
INSERT INTO `t_role_menu` VALUES ('1', '11');
INSERT INTO `t_role_menu` VALUES ('1', '12');
INSERT INTO `t_role_menu` VALUES ('1', '13');
INSERT INTO `t_role_menu` VALUES ('1', '4');
INSERT INTO `t_role_menu` VALUES ('1', '14');
INSERT INTO `t_role_menu` VALUES ('1', '15');
INSERT INTO `t_role_menu` VALUES ('1', '16');
INSERT INTO `t_role_menu` VALUES ('1', '5');
INSERT INTO `t_role_menu` VALUES ('1', '17');
INSERT INTO `t_role_menu` VALUES ('1', '18');
INSERT INTO `t_role_menu` VALUES ('1', '19');
INSERT INTO `t_role_menu` VALUES ('1', '6');
INSERT INTO `t_role_menu` VALUES ('1', '20');
INSERT INTO `t_role_menu` VALUES ('1', '21');
INSERT INTO `t_role_menu` VALUES ('1', '22');
INSERT INTO `t_role_menu` VALUES ('1', '64');
INSERT INTO `t_role_menu` VALUES ('1', '65');
INSERT INTO `t_role_menu` VALUES ('1', '66');
INSERT INTO `t_role_menu` VALUES ('1', '67');
INSERT INTO `t_role_menu` VALUES ('1', '2');
INSERT INTO `t_role_menu` VALUES ('1', '8');
INSERT INTO `t_role_menu` VALUES ('1', '23');
INSERT INTO `t_role_menu` VALUES ('1', '10');
INSERT INTO `t_role_menu` VALUES ('1', '24');
INSERT INTO `t_role_menu` VALUES ('1', '113');
INSERT INTO `t_role_menu` VALUES ('1', '121');
INSERT INTO `t_role_menu` VALUES ('1', '122');
INSERT INTO `t_role_menu` VALUES ('1', '124');
INSERT INTO `t_role_menu` VALUES ('1', '123');
INSERT INTO `t_role_menu` VALUES ('1', '125');
INSERT INTO `t_role_menu` VALUES ('1', '101');
INSERT INTO `t_role_menu` VALUES ('1', '102');
INSERT INTO `t_role_menu` VALUES ('1', '103');
INSERT INTO `t_role_menu` VALUES ('1', '104');
INSERT INTO `t_role_menu` VALUES ('1', '105');
INSERT INTO `t_role_menu` VALUES ('1', '106');
INSERT INTO `t_role_menu` VALUES ('1', '107');
INSERT INTO `t_role_menu` VALUES ('1', '108');
INSERT INTO `t_role_menu` VALUES ('1', '109');
INSERT INTO `t_role_menu` VALUES ('1', '110');
INSERT INTO `t_role_menu` VALUES ('1', '58');
INSERT INTO `t_role_menu` VALUES ('1', '59');
INSERT INTO `t_role_menu` VALUES ('1', '61');
INSERT INTO `t_role_menu` VALUES ('1', '81');
INSERT INTO `t_role_menu` VALUES ('1', '82');
INSERT INTO `t_role_menu` VALUES ('1', '83');
INSERT INTO `t_role_menu` VALUES ('1', '127');
INSERT INTO `t_role_menu` VALUES ('1', '128');
INSERT INTO `t_role_menu` VALUES ('1', '129');
INSERT INTO `t_role_menu` VALUES ('1', '130');
INSERT INTO `t_role_menu` VALUES ('1', '135');
INSERT INTO `t_role_menu` VALUES ('1', '131');
INSERT INTO `t_role_menu` VALUES ('1', '132');
INSERT INTO `t_role_menu` VALUES ('1', '133');
INSERT INTO `t_role_menu` VALUES ('1', '134');
INSERT INTO `t_role_menu` VALUES ('1', '136');
INSERT INTO `t_role_menu` VALUES ('1', '137');
INSERT INTO `t_role_menu` VALUES ('1', '138');
INSERT INTO `t_role_menu` VALUES ('72', '1');
INSERT INTO `t_role_menu` VALUES ('72', '3');
INSERT INTO `t_role_menu` VALUES ('72', '4');
INSERT INTO `t_role_menu` VALUES ('72', '5');
INSERT INTO `t_role_menu` VALUES ('72', '6');
INSERT INTO `t_role_menu` VALUES ('72', '64');
INSERT INTO `t_role_menu` VALUES ('72', '2');
INSERT INTO `t_role_menu` VALUES ('72', '8');
INSERT INTO `t_role_menu` VALUES ('72', '10');
INSERT INTO `t_role_menu` VALUES ('72', '113');
INSERT INTO `t_role_menu` VALUES ('72', '121');
INSERT INTO `t_role_menu` VALUES ('72', '122');
INSERT INTO `t_role_menu` VALUES ('72', '124');
INSERT INTO `t_role_menu` VALUES ('72', '123');
INSERT INTO `t_role_menu` VALUES ('72', '127');
INSERT INTO `t_role_menu` VALUES ('72', '101');
INSERT INTO `t_role_menu` VALUES ('72', '102');
INSERT INTO `t_role_menu` VALUES ('72', '109');
INSERT INTO `t_role_menu` VALUES ('72', '58');
INSERT INTO `t_role_menu` VALUES ('72', '59');
INSERT INTO `t_role_menu` VALUES ('72', '61');
INSERT INTO `t_role_menu` VALUES ('72', '81');
INSERT INTO `t_role_menu` VALUES ('72', '82');
INSERT INTO `t_role_menu` VALUES ('72', '83');
INSERT INTO `t_role_menu` VALUES ('72', '128');
INSERT INTO `t_role_menu` VALUES ('72', '129');
INSERT INTO `t_role_menu` VALUES ('2', '3');
INSERT INTO `t_role_menu` VALUES ('2', '1');
INSERT INTO `t_role_menu` VALUES ('2', '4');
INSERT INTO `t_role_menu` VALUES ('2', '5');
INSERT INTO `t_role_menu` VALUES ('2', '6');
INSERT INTO `t_role_menu` VALUES ('2', '64');
INSERT INTO `t_role_menu` VALUES ('2', '2');
INSERT INTO `t_role_menu` VALUES ('2', '8');
INSERT INTO `t_role_menu` VALUES ('2', '10');
INSERT INTO `t_role_menu` VALUES ('2', '113');
INSERT INTO `t_role_menu` VALUES ('2', '121');
INSERT INTO `t_role_menu` VALUES ('2', '122');
INSERT INTO `t_role_menu` VALUES ('2', '124');
INSERT INTO `t_role_menu` VALUES ('2', '123');
INSERT INTO `t_role_menu` VALUES ('2', '125');
INSERT INTO `t_role_menu` VALUES ('2', '101');
INSERT INTO `t_role_menu` VALUES ('2', '102');
INSERT INTO `t_role_menu` VALUES ('2', '109');
INSERT INTO `t_role_menu` VALUES ('2', '58');
INSERT INTO `t_role_menu` VALUES ('2', '59');
INSERT INTO `t_role_menu` VALUES ('2', '61');
INSERT INTO `t_role_menu` VALUES ('2', '81');
INSERT INTO `t_role_menu` VALUES ('2', '82');
INSERT INTO `t_role_menu` VALUES ('2', '83');
INSERT INTO `t_role_menu` VALUES ('2', '127');
INSERT INTO `t_role_menu` VALUES ('2', '128');
INSERT INTO `t_role_menu` VALUES ('2', '129');
INSERT INTO `t_role_menu` VALUES ('2', '130');
INSERT INTO `t_role_menu` VALUES ('2', '14');
INSERT INTO `t_role_menu` VALUES ('2', '17');
INSERT INTO `t_role_menu` VALUES ('2', '132');
INSERT INTO `t_role_menu` VALUES ('2', '20');
INSERT INTO `t_role_menu` VALUES ('2', '133');
INSERT INTO `t_role_menu` VALUES ('2', '65');
INSERT INTO `t_role_menu` VALUES ('2', '134');
INSERT INTO `t_role_menu` VALUES ('2', '136');
INSERT INTO `t_role_menu` VALUES ('2', '103');
INSERT INTO `t_role_menu` VALUES ('2', '137');
INSERT INTO `t_role_menu` VALUES ('2', '138');
INSERT INTO `t_role_menu` VALUES ('2', '131');

-- ----------------------------
-- Table structure for t_test
-- ----------------------------
DROP TABLE IF EXISTS `t_test`;
CREATE TABLE `t_test` (
  `field1` varchar(20) NOT NULL,
  `field2` int(11) NOT NULL,
  `field3` varchar(100) NOT NULL,
  `create_time` datetime NOT NULL
) ENGINE=InnoDB DEFAULT CHARSET=utf8;

-- ----------------------------
-- Records of t_test
-- ----------------------------
INSERT INTO `t_test` VALUES ('字段1', '1', 'mrbird@gmail.com', '2019-01-22 16:26:51');
INSERT INTO `t_test` VALUES ('字段1', '1', 'mrbird0@gmail.com', '2019-01-23 03:01:03');
INSERT INTO `t_test` VALUES ('字段1', '2', 'mrbird1@gmail.com', '2019-01-23 03:01:03');
INSERT INTO `t_test` VALUES ('字段1', '3', 'mrbird2@gmail.com', '2019-01-23 03:01:03');
INSERT INTO `t_test` VALUES ('字段1', '4', 'mrbird3@gmail.com', '2019-01-23 03:01:03');
INSERT INTO `t_test` VALUES ('字段1', '5', 'mrbird4@gmail.com', '2019-01-23 03:01:03');
INSERT INTO `t_test` VALUES ('字段1', '10', 'mrbird9@gmail.com', '2019-01-23 03:01:03');
INSERT INTO `t_test` VALUES ('字段1', '1', 'mrbird0@gmail.com', '2019-01-23 03:03:49');
INSERT INTO `t_test` VALUES ('字段1', '2', 'mrbird1@gmail.com', '2019-01-23 03:03:49');
INSERT INTO `t_test` VALUES ('字段1', '3', 'mrbird2@gmail.com', '2019-01-23 03:03:49');
INSERT INTO `t_test` VALUES ('字段1', '4', 'mrbird3@gmail.com', '2019-01-23 03:03:49');
INSERT INTO `t_test` VALUES ('字段1', '5', 'mrbird4@gmail.com', '2019-01-23 03:03:49');
INSERT INTO `t_test` VALUES ('字段1', '10', 'mrbird9@gmail.com', '2019-01-23 03:03:49');
INSERT INTO `t_test` VALUES ('字段1', '1', 'mrbird0@gmail.com', '2019-01-23 03:07:47');
INSERT INTO `t_test` VALUES ('字段1', '2', 'mrbird1@gmail.com', '2019-01-23 03:07:47');
INSERT INTO `t_test` VALUES ('字段1', '3', 'mrbird2@gmail.com', '2019-01-23 03:07:47');
INSERT INTO `t_test` VALUES ('字段1', '4', 'mrbird3@gmail.com', '2019-01-23 03:07:47');
INSERT INTO `t_test` VALUES ('字段1', '5', 'mrbird4@gmail.com', '2019-01-23 03:07:47');
INSERT INTO `t_test` VALUES ('字段1', '6', 'mrbird5@gmail.com', '2019-01-23 03:07:47');
INSERT INTO `t_test` VALUES ('字段1', '1', 'mrbird0@gmail.com', '2019-01-23 03:08:09');
INSERT INTO `t_test` VALUES ('字段1', '2', 'mrbird1@gmail.com', '2019-01-23 03:08:09');
INSERT INTO `t_test` VALUES ('字段1', '3', 'mrbird2@gmail.com', '2019-01-23 03:08:09');
INSERT INTO `t_test` VALUES ('字段1', '4', 'mrbird3@gmail.com', '2019-01-23 03:08:09');
INSERT INTO `t_test` VALUES ('字段1', '5', 'mrbird4@gmail.com', '2019-01-23 03:08:09');
INSERT INTO `t_test` VALUES ('字段1', '10', 'mrbird9@gmail.com', '2019-01-23 03:08:09');
INSERT INTO `t_test` VALUES ('字段1', '1', 'mrbird0@gmail.com', '2019-01-23 03:19:52');
INSERT INTO `t_test` VALUES ('字段1', '2', 'mrbird1@gmail.com', '2019-01-23 03:19:52');
INSERT INTO `t_test` VALUES ('字段1', '3', 'mrbird2@gmail.com', '2019-01-23 03:19:52');
INSERT INTO `t_test` VALUES ('字段1', '4', 'mrbird3@gmail.com', '2019-01-23 03:19:52');
INSERT INTO `t_test` VALUES ('字段1', '5', 'mrbird4@gmail.com', '2019-01-23 03:19:52');
INSERT INTO `t_test` VALUES ('字段1', '6', 'mrbird5@gmail.com', '2019-01-23 03:19:52');
INSERT INTO `t_test` VALUES ('字段1', '1', 'mrbird0@gmail.com', '2019-01-23 03:20:56');
INSERT INTO `t_test` VALUES ('字段1', '2', 'mrbird1@gmail.com', '2019-01-23 03:20:56');
INSERT INTO `t_test` VALUES ('字段1', '3', 'mrbird2@gmail.com', '2019-01-23 03:20:56');
INSERT INTO `t_test` VALUES ('字段1', '4', 'mrbird3@gmail.com', '2019-01-23 03:20:56');
INSERT INTO `t_test` VALUES ('字段1', '5', 'mrbird4@gmail.com', '2019-01-23 03:20:56');
INSERT INTO `t_test` VALUES ('字段1', '6', 'mrbird5@gmail.com', '2019-01-23 03:20:56');
INSERT INTO `t_test` VALUES ('字段1', '1', 'mrbird0@gmail.com', '2019-01-23 06:12:38');
INSERT INTO `t_test` VALUES ('字段1', '2', 'mrbird1@gmail.com', '2019-01-23 06:12:38');
INSERT INTO `t_test` VALUES ('字段1', '3', 'mrbird2@gmail.com', '2019-01-23 06:12:38');
INSERT INTO `t_test` VALUES ('字段1', '4', 'mrbird3@gmail.com', '2019-01-23 06:12:38');
INSERT INTO `t_test` VALUES ('字段1', '5', 'mrbird4@gmail.com', '2019-01-23 06:12:38');
INSERT INTO `t_test` VALUES ('字段1', '6', 'mrbird5@gmail.com', '2019-01-23 06:12:38');
INSERT INTO `t_test` VALUES ('字段1', '7', 'mrbird6@gmail.com', '2019-01-23 06:12:38');
INSERT INTO `t_test` VALUES ('字段1', '8', 'mrbird7@gmail.com', '2019-01-23 06:12:38');
INSERT INTO `t_test` VALUES ('字段1', '9', 'mrbird8@gmail.com', '2019-01-23 06:12:38');
INSERT INTO `t_test` VALUES ('字段1', '11', 'mrbird10@gmail.com', '2019-01-23 06:12:38');
INSERT INTO `t_test` VALUES ('字段1', '12', 'mrbird11@gmail.com', '2019-01-23 06:12:38');
INSERT INTO `t_test` VALUES ('字段1', '14', 'mrbird13@gmail.com', '2019-01-23 06:12:38');
INSERT INTO `t_test` VALUES ('字段1', '15', 'mrbird14@gmail.com', '2019-01-23 06:12:38');
INSERT INTO `t_test` VALUES ('字段1', '16', 'mrbird15@gmail.com', '2019-01-23 06:12:38');
INSERT INTO `t_test` VALUES ('字段1', '18', 'mrbird17@gmail.com', '2019-01-23 06:12:38');
INSERT INTO `t_test` VALUES ('字段1', '19', 'mrbird18@gmail.com', '2019-01-23 06:12:38');
INSERT INTO `t_test` VALUES ('字段1', '20', 'mrbird19@gmail.com', '2019-01-23 06:12:38');

-- ----------------------------
-- Table structure for t_user
-- ----------------------------
DROP TABLE IF EXISTS `t_user`;
CREATE TABLE `t_user` (
  `user_id` bigint(10) NOT NULL AUTO_INCREMENT COMMENT '用户ID',
  `username` varchar(50) NOT NULL COMMENT '用户名',
  `password` varchar(128) NOT NULL COMMENT '密码',
  `dept_id` bigint(20) DEFAULT NULL COMMENT '部门ID',
  `email` varchar(128) DEFAULT NULL COMMENT '邮箱',
  `mobile` varchar(20) DEFAULT NULL COMMENT '联系电话',
  `status` char(1) NOT NULL COMMENT '状态 0锁定 1有效',
  `create_time` datetime NOT NULL COMMENT '创建时间',
  `modify_time` datetime DEFAULT NULL COMMENT '修改时间',
  `last_login_time` datetime DEFAULT NULL COMMENT '最近访问时间',
  `ssex` char(1) DEFAULT NULL COMMENT '性别 0男 1女 2保密',
  `description` varchar(100) DEFAULT NULL COMMENT '描述',
  `avatar` varchar(100) DEFAULT NULL COMMENT '用户头像',
  PRIMARY KEY (`user_id`) USING BTREE
) ENGINE=InnoDB AUTO_INCREMENT=31 DEFAULT CHARSET=utf8 ROW_FORMAT=DYNAMIC;

-- ----------------------------
-- Records of t_user
-- ----------------------------
INSERT INTO `t_user` VALUES ('1', 'mrbird', '94f860c4bbfeb2f49c84e321fdda4b07', '1', 'mrbird123@hotmail.com', '13455544444', '1', '2017-12-27 15:47:19', '2019-07-25 08:41:50', '2019-07-24 01:17:32', '0', '我是帅比作者。', 'default.png');
INSERT INTO `t_user` VALUES ('2', 'scott', '7b44a5363e3fd52435beb472e1d2b91f', '6', 'scott@qq.com', '15134627380', '1', '2017-12-29 16:16:39', '2019-01-18 00:59:09', '2019-01-28 01:54:09', '0', '我是scott，嗯嗯', 'default.png');
INSERT INTO `t_user` VALUES ('3', 'admin', 'e47faf93c0d84bd34df6acc217877dd3', '1', 'admin@qq.com', '12345678901', '1', '2019-06-24 11:01:55', '2019-06-24 11:01:59', '2019-07-25 10:38:04', '0', 'admin', 'admin.png');
INSERT INTO `t_user` VALUES ('30', 'admin1666', '4329a5625a4f67fef3d82a3bf71e51c8', null, 'admin@qq.com', '12345678901', '1', '2019-07-25 09:03:59', '2019-07-25 09:16:45', null, '0', null, 'default.jpg');

-- ----------------------------
-- Table structure for t_user_config
-- ----------------------------
DROP TABLE IF EXISTS `t_user_config`;
CREATE TABLE `t_user_config` (
  `user_id` bigint(20) NOT NULL COMMENT '用户ID',
  `theme` varchar(10) DEFAULT NULL COMMENT '系统主题 dark暗色风格，light明亮风格',
  `layout` varchar(10) DEFAULT NULL COMMENT '系统布局 side侧边栏，head顶部栏',
  `multi_page` char(1) DEFAULT NULL COMMENT '页面风格 1多标签页 0单页',
  `fix_siderbar` char(1) DEFAULT NULL COMMENT '页面滚动是否固定侧边栏 1固定 0不固定',
  `fix_header` char(1) DEFAULT NULL COMMENT '页面滚动是否固定顶栏 1固定 0不固定',
  `color` varchar(20) DEFAULT NULL COMMENT '主题颜色 RGB值',
  PRIMARY KEY (`user_id`) USING BTREE
) ENGINE=InnoDB DEFAULT CHARSET=utf8 ROW_FORMAT=DYNAMIC;

-- ----------------------------
-- Records of t_user_config
-- ----------------------------
INSERT INTO `t_user_config` VALUES ('1', 'light', 'side', '1', '1', '1', 'rgb(24, 144, 255)');
INSERT INTO `t_user_config` VALUES ('2', 'light', 'head', '0', '1', '1', 'rgb(24, 144, 255)');
INSERT INTO `t_user_config` VALUES ('3', 'light', 'side', '1', '1', '1', 'rgb(24, 144, 255)');
INSERT INTO `t_user_config` VALUES ('13', 'dark', 'side', '0', '1', '1', 'rgb(66, 185, 131)');
INSERT INTO `t_user_config` VALUES ('15', 'dark', 'side', '0', '1', '1', 'rgb(66, 185, 131)');
INSERT INTO `t_user_config` VALUES ('16', 'dark', 'side', '0', '1', '1', 'rgb(66, 185, 131)');
INSERT INTO `t_user_config` VALUES ('26', 'dark', 'side', '0', '1', '1', 'rgb(66, 185, 131)');
INSERT INTO `t_user_config` VALUES ('30', 'dark', 'side', '0', '1', '1', 'rgb(66, 185, 131)');

-- ----------------------------
-- Table structure for t_user_role
-- ----------------------------
DROP TABLE IF EXISTS `t_user_role`;
CREATE TABLE `t_user_role` (
  `user_id` bigint(20) NOT NULL COMMENT '用户ID',
  `role_id` bigint(20) NOT NULL COMMENT '角色ID'
) ENGINE=InnoDB DEFAULT CHARSET=utf8 ROW_FORMAT=DYNAMIC;

-- ----------------------------
-- Records of t_user_role
-- ----------------------------
INSERT INTO `t_user_role` VALUES ('2', '2');
INSERT INTO `t_user_role` VALUES ('3', '1');
INSERT INTO `t_user_role` VALUES ('13', '4');
INSERT INTO `t_user_role` VALUES ('15', '1');
INSERT INTO `t_user_role` VALUES ('16', '1');
INSERT INTO `t_user_role` VALUES ('26', '1');
INSERT INTO `t_user_role` VALUES ('1', '1');
INSERT INTO `t_user_role` VALUES ('27', '1');
INSERT INTO `t_user_role` VALUES ('30', '1');
